address,zipcode,development,managedBy,communityDistrict,block,lot,bin
2595 3RD AVENUE,10451,PATTERSON,PATTERSON,1,02325,0001,2091131
2615 3RD AVENUE,10451,PATTERSON,PATTERSON,1,02325,0001,2091125
2625 3RD AVENUE,10451,PATTERSON,PATTERSON,1,02325,0001,2091136
2635 3RD AVENUE,10451,PATTERSON,PATTERSON,1,02325,0001,2091135
2645 3RD AVENUE,10451,PATTERSON,PATTERSON,1,02325,0001,2091135
2715 3RD AVENUE,10451,PATTERSON,PATTERSON,1,02324,0001,2091121
3603 3RD AVENUE,10456,MORRIS I,MORRIS,3,02910,0001,2092082
3661 3RD AVENUE,10456,MORRIS I,MORRIS,3,02910,0001,2092079
3663 3RD AVENUE,10456,MORRIS I,MORRIS,3,02910,0001,2092079
3673 3RD AVENUE,10456,MORRIS I,MORRIS,3,02910,0001,2092079
3711 3RD AVENUE,10456,MORRIS II,NYC DEPT OF PARKS,3,02911,0001,2102822
175 ALEXANDER AVENUE,10454,MITCHEL,MITCHEL,1,02311,0001,2091141
177 ALEXANDER AVENUE,10454,MITCHEL,MITCHEL,1,02311,0001,2091141
185 ALEXANDER AVENUE,10454,MITCHEL,MITCHEL,1,02311,0001,2091141
200 ALEXANDER AVENUE,10454,MITCHEL,MITCHEL,1,02298,0040,2091097
205 ALEXANDER AVENUE,10454,MITCHEL,MITCHEL,1,02311,0001,2091140
207 ALEXANDER AVENUE,10454,MITCHEL,MITCHEL,1,02311,0001,2091140
210 ALEXANDER AVENUE,10454,MITCHEL,MITCHEL,1,02298,0040,2091097
215 ALEXANDER AVENUE,10454,MITCHEL,MITCHEL,1,02311,0001,2091139
217 ALEXANDER AVENUE,10454,MITCHEL,MITCHEL,1,02311,0001,2091139
225 ALEXANDER AVENUE,10454,MITCHEL,MITCHEL,1,02311,0001,2091139
340 ALEXANDER AVENUE,10454,MOTT HAVEN,MOTT HAVEN,1,02304,0001,2091098
342 ALEXANDER AVENUE,10454,MOTT HAVEN,MOTT HAVEN,1,02304,0001,2091098
780 ASTOR AVENUE,10467,PELHAM PARKWAY,PELHAM PARKWAY,11,04349,0001,2093356
790 ASTOR AVENUE,10467,PELHAM PARKWAY,PELHAM PARKWAY,11,04349,0001,2093356
810 ASTOR AVENUE,10467,PELHAM PARKWAY,PELHAM PARKWAY,11,04349,0001,2093357
816 ASTOR AVENUE,10467,PELHAM PARKWAY,PELHAM PARKWAY,11,04349,0001,2093357
820 ASTOR AVENUE,10467,PELHAM PARKWAY,PELHAM PARKWAY,11,04349,0001,2093357
840 ASTOR AVENUE,10467,PELHAM PARKWAY,PELHAM PARKWAY,11,04349,0001,2093361
860 ASTOR AVENUE,10467,PELHAM PARKWAY,PELHAM PARKWAY,11,04349,0001,2093361
550 BALCOM AVENUE,10465,THROGGS NECK ADDITION,THROGGS NECK,10,05564,0001,2091470
560 BALCOM AVENUE,10465,THROGGS NECK ADDITION,THROGGS NECK,10,05564,0001,2091470
570 BALCOM AVENUE,10465,THROGGS NECK ADDITION,THROGGS NECK,10,05564,0001,2091470
580 BALCOM AVENUE,10465,THROGGS NECK ADDITION,THROGGS NECK,10,05564,0001,2091470
680 BALCOM AVENUE,10465,THROGGS NECK ADDITION,THROGGS NECK,10,05567,0001,2091488
690 BALCOM AVENUE,10465,THROGGS NECK ADDITION,THROGGS NECK,10,05567,0001,2091488
5360 BROADWAY,10463,MARBLE HILL,MARBLE HILL,8,02215,0116,1082780
5365 BROADWAY,10463,MARBLE HILL,MARBLE HILL,8,02215,0623,1082782
5470 BROADWAY,10463,MARBLE HILL,MARBLE HILL,8,02215,0116,1082781
5480 BROADWAY,10463,MARBLE HILL,MARBLE HILL,8,02215,0116,1082781
5496 BROADWAY,10463,MARBLE HILL,MARBLE HILL,8,03265,0001,2099379
180 BROOK AVENUE,10454,MILL BROOK,MILL BROOK,1,02263,0019,2090987
650 BUTTRICK AVENUE,10465,RANDALL AVENUE-BALCOM AVENUE,THROGGS NECK,10,05568,0001,2080422
505 CALHOUN AVENUE,10465,THROGGS NECK,THROGGS NECK,10,05564,0001,2091475
515 CALHOUN AVENUE,10465,THROGGS NECK,THROGGS NECK,10,05564,0001,2091475
545 CALHOUN AVENUE,10465,THROGGS NECK,THROGGS NECK,10,05564,0001,2091474
555 CALHOUN AVENUE,10465,THROGGS NECK,THROGGS NECK,10,05564,0001,2091474
595 CALHOUN AVENUE,10465,THROGGS NECK,THROGGS NECK,10,05564,0001,2091473
645 CASTLE HILL AVENUE,10473,CASTLE HILL,CASTLE HILL,9/03570,0001,2092673,
655 CASTLE HILL AVENUE,10473,CASTLE HILL,CASTLE HILL,9/03570,0001,2092673,
550 CAULDWELL AVENUE,10455,Saint Mary&#x27;s PARK,Saint Mary&#x27;s PARK,1/02623,0135,2091318,
670 CAULDWELL AVENUE,10455,Saint Mary&#x27;s PARK,Saint Mary&#x27;s PARK,1/02628,0001,2093928,
902 CAULDWELL AVENUE,10456,MCKINLEY,NYC DEPT OF PARKS,3/02631,0011,2000000,
2 CLASSON POINT LANE NORTH,10473,CLASSON POINT GARDENS,MONROE,9/03633,0001,2092728,
4 CLASSON POINT LANE NORTH,10473,CLASSON POINT GARDENS,MONROE,9/03633,0001,2092728,
6 CLASSON POINT LANE NORTH,10473,CLASSON POINT GARDENS,MONROE,9/03633,0001,2092728,
8 CLASSON POINT LANE NORTH,10473,CLASSON POINT GARDENS,MONROE,9/03633,0001,2092728,
10 CLASSON POINT LANE NORTH,10473,CLASSON POINT GARDENS,MONROE,9/03633,0001,2092734,
12 CLASSON POINT LANE NORTH,10473,CLASSON POINT GARDENS,MONROE,9/03633,0001,2092734,
14 CLASSON POINT LANE NORTH,10473,CLASSON POINT GARDENS,MONROE,9/03633,0001,2092529,
16 CLASSON POINT LANE NORTH,10473,CLASSON POINT GARDENS,MONROE,9/03633,0001,2095239,
18 CLASSON POINT LANE NORTH,10473,CLASSON POINT GARDENS,MONROE,9/03633,0001,2095239,
20 CLASSON POINT LANE NORTH,10473,CLASSON POINT GARDENS,MONROE,9/03633,0001,2095239,
22 CLASSON POINT LANE NORTH,10473,CLASSON POINT GARDENS,MONROE,9/03633,0001,2095239,
34 CLASSON POINT LANE NORTH,10473,CLASSON POINT GARDENS,MONROE,9/03633,0001,2092735,
36 CLASSON POINT LANE NORTH,10473,CLASSON POINT GARDENS,MONROE,9/03633,0001,2092735,
38 CLASSON POINT LANE NORTH,10473,CLASSON POINT GARDENS,MONROE,9/03633,0001,2092735,
40 CLASSON POINT LANE NORTH,10473,CLASSON POINT GARDENS,MONROE,9/03633,0001,2092736,
1 CLASON POINT LANE SOUTH,10473,CLASON POINT GARDENS,MONROE,9,03633,0001,2092744
3 CLASON POINT LANE SOUTH,10473,CLASON POINT GARDENS,MONROE,9,03633,0001,2092744
5 CLASON POINT LANE SOUTH,10473,CLASON POINT GARDENS,MONROE,9,03633,0001,2092744
7 CLASON POINT LANE SOUTH,10473,CLASON POINT GARDENS,MONROE,9,03633,0001,2092744
9 CLASON POINT LANE SOUTH,10473,CLASON POINT GARDENS,MONROE,9,03633,0001,2095240
11 CLASON POINT LANE SOUTH,10473,CLASON POINT GARDENS,MONROE,9,03633,0001,2095240
15 CLASON POINT LANE SOUTH,10473,CLASON POINT GARDENS,MONROE,9,03633,0001,2095240
17 CLASON POINT LANE SOUTH,10473,CLASON POINT GARDENS,MONROE,9,03633,0001,2095241
19 CLASON POINT LANE SOUTH,10473,CLASON POINT GARDENS,MONROE,9,03633,0001,2095241
21 CLASON POINT LANE SOUTH,10473,CLASON POINT GARDENS,MONROE,9,03633,0001,2095241
23 CLASON POINT LANE SOUTH,10473,CLASON POINT GARDENS,MONROE,9,03633,0001,2095241
30 CLASON POINT LANE SOUTH,10473,CLASON POINT GARDENS,MONROE,9,03633,0001,2092735
32 CLASON POINT LANE SOUTH,10473,CLASON POINT GARDENS,MONROE,9,03633,0001,2092735
46 CLASON POINT LANE SOUTH,10473,CLASON POINT GARDENS,MONROE,9,03633,0001,2092736
48 CLASON POINT LANE SOUTH,10473,CLASON POINT GARDENS,MONROE,9,03633,0001,2092736
50 CLASON POINT LANE SOUTH,10473,CLASON POINT GARDENS,MONROE,9,03633,0001,2092736
52 CLASON POINT LANE SOUTH,10473,CLASON POINT GARDENS,MONROE,9,03633,0001,2092739
54 CLASON POINT LANE SOUTH,10473,CLASON POINT GARDENS,MONROE,9,03633,0001,2092739
56 CLASON POINT LANE SOUTH,10473,CLASON POINT GARDENS,MONROE,9,03633,0001,2092739
70 CLASON POINT LANE SOUTH,10473,CLASON POINT GARDENS,MONROE,9,03633,0001,2092740
72 CLASON POINT LANE SOUTH,10473,CLASON POINT GARDENS,MONROE,9,03633,0001,2092740
74 CLASON POINT LANE SOUTH,10473,CLASON POINT GARDENS,MONROE,9,03633,0001,2092741
76 CLASON POINT LANE SOUTH,10473,CLASON POINT GARDENS,MONROE,9,03633,0001,2092741
2777 DEWEY AVENUE,10465,THROGGS NECK,THROGGS NECK,10,05564,0001,2091480
2786 DEWEY AVENUE,10465,THROGGS NECK,THROGGS NECK,10,05582,0001,2093888
2791 DEWEY AVENUE,10465,THROGGS NECK,THROGGS NECK,10,05564,0001,2091479
2793 DEWEY AVENUE,10465,THROGGS NECK,THROGGS NECK,10,05564,0001,2091479
2795 DEWEY AVENUE,10465,THROGGS NECK,THROGGS NECK,10,05564,0001,2091479
2801 DEWEY AVENUE,10465,THROGGS NECK,THROGGS NECK,10,05564,0001,2091478
2805 DEWEY AVENUE,10465,THROGGS NECK,THROGGS NECK,10,05564,0001,2091478
2815 DEWEY AVENUE,10465,THROGGS NECK,THROGGS NECK,10,05564,0001,2091477
2821 DEWEY AVENUE,10465,THROGGS NECK,THROGGS NECK,10,05564,0001,2091477
2829 DEWEY AVENUE,10465,THROGGS NECK,THROGGS NECK,10,05564,0001,2091476
2831 DEWEY AVENUE,10465,THROGGS NECK,THROGGS NECK,10,05564,0001,2091476
303 EAST 135TH STREET,10454,MITCHEL,MITCHEL,1,02311,0001,2091143
305 EAST 135TH STREET,10454,MITCHEL,MITCHEL,1,02311,0001,2091143
361 EAST 135TH STREET,10454,MITCHEL,NYC DEPT OF PARKS,1,02298,0062,2102821
585 EAST 135TH STREET,10454,MILL BROOK,MILL BROOK,1,02548,0001,2091270
308 EAST 145TH STREET,10451,PATTERSON,PATTERSON,1,02324,0001,2091115
328 EAST 145TH STREET,10451,PATTERSON,PATTERSON,1,02324,0001,2091119
338 EAST 145TH STREET,10451,PATTERSON,PATTERSON,1,02324,0001,2091121
725 EAST 161ST STREET,10456,MCKINLEY,FOREST,3,02638,0090,2091956
731 EAST 161ST STREET,10456,MCKINLEY,FOREST,3,02638,0090,2091956
751 EAST 161ST STREET,10456,MCKINLEY,FOREST,3,02638,0090,2091958
1084 EAST 165TH STREET,10459,EAST 165TH STREET-BRYANT AVENUE,BUILDING MANAGEMENT ASSOCIATES(PRIVATE-BX1),2,02749,0025,2006114
1090 EAST 165TH STREET,10459,EAST 165TH STREET-BRYANT AVENUE,BUILDING MANAGEMENT ASSOCIATES(PRIVATE-BX1),2,02749,0025,2006114
1094 EAST 165TH STREET,10459,EAST 165TH STREET-BRYANT AVENUE,BUILDING MANAGEMENT ASSOCIATES(PRIVATE-BX1),2,02749,0025,2006114
1100 EAST 165TH STREET,10459,EAST 165TH STREET-BRYANT AVENUE,BUILDING MANAGEMENT ASSOCIATES(PRIVATE-BX1),2,02748,0025,2006103
1110 EAST 165TH STREET,10459,EAST 165TH STREET-BRYANT AVENUE,BUILDING MANAGEMENT ASSOCIATES(PRIVATE-BX1),2,02748,0025,2006103
1120 EAST 165TH STREET,10459,EAST 165TH STREET-BRYANT AVENUE,BUILDING MANAGEMENT ASSOCIATES(PRIVATE-BX1),2,02756,0010,2092031
1124 EAST 165TH STREET,10459,EAST 165TH STREET-BRYANT AVENUE,BUILDING MANAGEMENT ASSOCIATES(PRIVATE-BX1),2,02756,0010,2092031
1130 EAST 165TH STREET,10459,EAST 165TH STREET-BRYANT AVENUE,BUILDING MANAGEMENT ASSOCIATES(PRIVATE-BX1),2,02756,0010,2092031
1134 EAST 165TH STREET,10459,EAST 165TH STREET-BRYANT AVENUE,BUILDING MANAGEMENT ASSOCIATES(PRIVATE-BX1),2,02756,0010,2092031
308 EAST 167TH STREET,10456,CLAREMONT REHAB(GROUP 5),CLAREMONT CONSOLIDATED,4,02434,0018,2002259
998 EAST 167TH STREET,10459,WEST FARMS ROAD REHAB,BUILDING MANAGEMENT ASSOCIATES(PRIVATE-BX1),2,02751,0015,2006154
1002 EAST 167TH STREET,10459,WEST FARMS ROAD REHAB,BUILDING MANAGEMENT ASSOCIATES(PRIVATE-BX1),2,02751,0015,2006154
409 EAST 170TH STREET,10456,BUTLER,BUTLER,3,02895,0001,2092078
409GAR EAST 170TH STREET,10456,BUTLER,BUTLER,3,02895,0001,2112990
489 EAST 170TH STREET,10456,MORRIS II,MORRIS,3,02911,0001,2092109
2811 EXTERIOR STREET,10463,MARBLE HILL,MARBLE HILL,8,03265,0001,2092482
2831 EXTERIOR STREET,10463,MARBLE HILL,MARBLE HILL,8,03265,0001,2092481
2861 EXTERIOR STREET,10463,MARBLE HILL,MARBLE HILL,8,03265,0001,2100931
1 FORDHAM PLAZA,10458,NON DEVELOPMENT FACILITY,RENTED PROPERTY,6,03033,0053,2088325
712 GUN HILL ROAD,10467,GUN HILL,GUN HILL,12,04629,0050,2093514
740 GUN HILL ROAD,10467,GUN HILL,GUN HILL,12,04629,0050,2093515
744 GUN HILL ROAD,10467,GUN HILL,GUN HILL,12,04629,0050,2093515
535 HAVEMEYER AVENUE,10473,CASTLE HILL,CASTLE HILL,9,03537,0001,2092635
3445 HOLLAND AVENUE,10467,GUN HILL,GUN HILL,12,04629,0050,2093517
819 HUNTS POINT AVENUE,10474,HUNTS POINT AVENUE REHAB,BUILDING MANAGEMENT ASSOCIATES(PRIVATE-BX1),2,02740,0031,2005957
823 HUNTS POINT AVENUE,10474,HUNTS POINT AVENUE REHAB,BUILDING MANAGEMENT ASSOCIATES(PRIVATE-BX1),2,02740,0030,2005956
827 HUNTS POINT AVENUE,10474,HUNTS POINT AVENUE REHAB,BUILDING MANAGEMENT ASSOCIATES(PRIVATE-BX1),2,02740,0028,2005955
831 HUNTS POINT AVENUE,10474,HUNTS POINT AVENUE REHAB,BUILDING MANAGEMENT ASSOCIATES(PRIVATE-BX1),2,02740,0027,2005954
835 HUNTS POINT AVENUE,10474,HUNTS POINT AVENUE REHAB,BUILDING MANAGEMENT ASSOCIATES(PRIVATE-BX1),2,02740,0025,2005953
839 HUNTS POINT AVENUE,10474,HUNTS POINT AVENUE REHAB,BUILDING MANAGEMENT ASSOCIATES(PRIVATE-BX1),2,02740,0024,2005952
843 HUNTS POINT AVENUE,10474,HUNTS POINT AVENUE REHAB,BUILDING MANAGEMENT ASSOCIATES(PRIVATE-BX1),2,02740,0022,2005951
847 HUNTS POINT AVENUE,10474,HUNTS POINT AVENUE REHAB,BUILDING MANAGEMENT ASSOCIATES(PRIVATE-BX1),2,02740,0021,2005950
851 HUNTS POINT AVENUE,10474,HUNTS POINT AVENUE REHAB,BUILDING MANAGEMENT ASSOCIATES(PRIVATE-BX1),2,02740,0019,2005949
855 HUNTS POINT AVENUE,10474,HUNTS POINT AVENUE REHAB,BUILDING MANAGEMENT ASSOCIATES(PRIVATE-BX1),2,02740,0018,2005948
859 HUNTS POINT AVENUE,10474,HUNTS POINT AVENUE REHAB,BUILDING MANAGEMENT ASSOCIATES(PRIVATE-BX1),2,02740,0016,2005947
863 HUNTS POINT AVENUE,10474,HUNTS POINT AVENUE REHAB,BUILDING MANAGEMENT ASSOCIATES(PRIVATE-BX1),2,02740,0015,2005946
867 HUNTS POINT AVENUE,10474,HUNTS POINT AVENUE REHAB,BUILDING MANAGEMENT ASSOCIATES(PRIVATE-BX1),2,02740,0013,2005945
875 IRVINE STREET,10474,HUNTS POINT AVENUE REHAB,"BUILDING MANAGEMENT ASSOCIATES(PRIVATE,BX 1)",2,02761,0003,2006319
515 JACKSON AVENUE,10455,MOORE,SAINT MARY&#x27;S PARK,1,02557,0083,2091284
525 JACKSON AVENUE,10455,MOORE,SAINT MARY&#x27;S PARK,1,02557,0083,2091284
535 JACKSON AVENUE,10455,MOORE,SAINT MARY&#x27;S PARK,1,02557,0083,2091284
1707 LAFAYETTE AVENUE,10473,CLASON POINT GARDENS,MONROE,9,03633,0001,2095242
1709 LAFAYETTE AVENUE,10473,CLASON POINT GARDENS,MONROE,9,03633,0001,2095242
1711 LAFAYETTE AVENUE,10473,CLASON POINT GARDENS,MONROE,9,03633,0001,2095242
1719 LAFAYETTE AVENUE,10473,CLASON POINT GARDENS,MONROE,9,03633,0001,2092729
1091 LONGFELLOW AVENUE,10459,LONGFELLOW AVENUE REHAB,BUILDING MANAGEMENT ASSOCIATES(PRIVATE-BX1),202757,0020,2006277,
910 MACE AVENUE,10469,PELHAM PARKWAY,PELHAM PARKWAY,11,04444,0001,2093404
920 MACE AVENUE,10469,PELHAM PARKWAY,PELHAM PARKWAY,11,04444,0001,2093404
928 MACE AVENUE,10469,PELHAM PARKWAY,PELHAM PARKWAY,11,04444,0001,2093410
930 MACE AVENUE,10469,PELHAM PARKWAY,PELHAM PARKWAY,11,04444,0001,2093408
948 MACE AVENUE,10469,PELHAM PARKWAY,PELHAM PARKWAY,11,04444,0001,2093410
950 MACE AVENUE,10469,PELHAM PARKWAY,PELHAM PARKWAY,11,04444,0001,2093408
737 MELROSE AVENUE,10455,POLICE SERVICE AREA #7,NYPD HOUSING BUREAU,1,02402,0017,2101214
838 METCALF AVENUE,10473,CLASON POINT GARDENS,MONROE,9,03633,0001,2095243
840 METCALF AVENUE,10473,CLASON POINT GARDENS,MONROE,9,03633,0001,2095243
842 METCALF AVENUE,10473,CLASON POINT GARDENS,MONROE,9,03633,0001,2095244
844 METCALF AVENUE,10473,CLASON POINT GARDENS,MONROE,9,03633,0001,2095244
846 METCALF AVENUE,10473,CLASON POINT GARDENS,MONROE,9,03633,0001,2095244
848 METCALF AVENUE,10473,CLASON POINT GARDENS,MONROE,9,03633,0001,2095244
856 METCALF AVENUE,10473,CLASON POINT GARDENS,MONROE,9,03633,0001,2095245
860 METCALF AVENUE,10473,CLASON POINT GARDENS,MONROE,9,03633,0001,2095245
864 METCALF AVENUE,10473,CLASON POINT GARDENS,MONROE,9,03633,0001,2095245
868 METCALF AVENUE,10473,CLASON POINT GARDENS,MONROE,9,03633,0001,2095245
872 METCALF AVENUE,10473,CLASON POINT GARDENS,MONROE,9,03633,0001,2095245
3050 PARK AVENUE,10451,JACKSON,MORRISANIA AIR RIGHTS,1,02416,0001,2091227
3071 PARK AVENUE,10451,MORRISANIA AIR RIGHTS,MORRISANIA AIR RIGHTS,4,02420,9020,2102829
3073 PARK AVENUE,10451,MORRISANIA AIR RIGHTS,MORRISANIA AIR RIGHTS,4,02420,9020,2102829
3080 PARK AVENUE,10451,JACKSON,MORRISANIA AIR RIGHTS,1,02416,0001,2091228
3115 PARK AVENUE,10451,MORRISANIA AIR RIGHTS,MORRISANIA AIR RIGHTS,4,02420,9078,2100990
3125 PARK AVENUE,10451,MORRISANIA AIR RIGHTS,MORRISANIA AIR RIGHTS,4,02420,9078,2100990
3131 PARK AVENUE,10451,MORRISANIA AIR RIGHTS,MORRISANIA AIR RIGHTS,4,02420,9078,2100990
3135 PARK AVENUE,10451,MORRISANIA AIR RIGHTS,MORRISANIA AIR RIGHTS,4,02420,9078,2100990
3145 PARK AVENUE,10451,MORRISANIA AIR RIGHTS,MORRISANIA AIR RIGHTS,4,02420,9078,2100990
3200 PARK AVENUE,10451,MORRISANIA AIR RIGHTS,MORRISANIA AIR RIGHTS,3,02409,9059,2098307
3204 PARK AVENUE,10451,MORRISANIA AIR RIGHTS,MORRISANIA AIR RIGHTS,3,02409,9059,2098307
3210 PARK AVENUE,10451,MORRISANIA AIR RIGHTS,MORRISANIA AIR RIGHTS,3,02409,9059,2098307
3566 PARK AVENUE,10456,MORRISANIA,WEBSTER,3,02390,0024,2091182
2324 PAULDING AVENUE,10469,PELHAM PARKWAY,PELHAM PARKWAY,11,04363,0001,2093381
2354 PAULDING AVENUE,10469,PELHAM PARKWAY,PELHAM PARKWAY,11,04363,0001,2093378
2384 PAULDING AVENUE,10469,PELHAM PARKWAY,PELHAM PARKWAY,11,04363,0001,2093380
785 PELHAM PARKWAY NORTH,10467,PELHAM PARKWAY,PELHAM PARKWAY,11,04349,0001,2093364
795 PELHAM PARKWAY NORTH,10467,PELHAM PARKWAY,PELHAM PARKWAY,11,04349,0001,2093364
805 PELHAM PARKWAY NORTH,10467,PELHAM PARKWAY,PELHAM PARKWAY,11,04349,0001,2093365
815 PELHAM PARKWAY NORTH,10467,PELHAM PARKWAY,PELHAM PARKWAY,11,04349,0001,2093365
2731 SAMPSON AVENUE,10465,THROGGS NECK,THROGGS NECK,10,05582,0001,2093884
2733 SAMPSON AVENUE,10465,THROGGS NECK,THROGGS NECK,10,05582,0001,2093884
2735 SAMPSON AVENUE,10465,THROGGS NECK,THROGGS NECK,10,05582,0001,2093884
2743 SAMPSON AVENUE,10465,THROGGS NECK,THROGGS NECK,10,05582,0001,2093889
2745 SAMPSON AVENUE,10465,THROGGS NECK,THROGGS NECK,10,05582,0001,2093889
2751 SAMPSON AVENUE,10465,THROGGS NECK,THROGGS NECK,10,05582,0001,2093890
2755 SAMPSON AVENUE,10465,THROGGS NECK,THROGGS NECK,10,05582,0001,2093890
2761 SAMPSON AVENUE,10465,THROGGS NECK,THROGGS NECK,10,05582,0001,2093891
2765 SAMPSON AVENUE,10465,THROGGS NECK,THROGGS NECK,10,05582,0001,2093891
2775 SAMPSON AVENUE,10465,THROGGS NECK,THROGGS NECK,10,05582,0001,2093892
2777 SAMPSON AVENUE,10465,THROGGS NECK,THROGGS NECK,10,05582,0001,2093892
2785 SAMPSON AVENUE,10465,THROGGS NECK,THROGGS NECK,10,05582,0001,2093893
2787 SAMPSON AVENUE,10465,THROGGS NECK,THROGGS NECK,10,05582,0001,2093893
1682 STORY AVENUE,10473,CLASON POINT GARDENS,MONROE,9.03633,0001,2092738,
1684 STORY AVENUE,10473,CLASON POINT GARDENS,MONROE,9.03633,0001,2092738,
1686 STORY AVENUE,10473,CLASON POINT GARDENS,MONROE,9.03633,0001,2092738,
1688 STORY AVENUE,10473,CLASON POINT GARDENS,MONROE,9.03633,0001,2092738,
1690 STORY AVENUE,10473,CLASON POINT GARDENS,MONROE,9.03633,0001,2095246,
1692 STORY AVENUE,10473,CLASON POINT GARDENS,MONROE,9.03633,0001,2095246,
1694 STORY AVENUE,10473,CLASON POINT GARDENS,MONROE,9.03633,0001,2095246,
1698 STORY AVENUE,10473,CLASON POINT GARDENS,MONROE,9.03633,0001,2095246,
1755 STORY AVENUE,10473,MONROE,MONROE,9.03663,0001,2092760,
1757 STORY AVENUE,10473,MONROE,MONROE,9.03663,0001,2092760,
1760 STORY AVENUE,10473,MONROE,MONROE,9.03637,0001,2092756,
1762 STORY AVENUE,10473,MONROE,MONROE,9.03637,0001,2092756,
1770 STORY AVENUE,10473,MONROE,MONROE,9.03637,0001,2092751,
1775 STORY AVENUE,10473,MONROE,MONROE,9.03663,0001,2092761,
1776 STORY AVENUE,10473,MONROE,MONROE,9.03637,0001,2092748,
1779 STORY AVENUE,10473,MONROE,MONROE,9.03663,0001,2092761,
1780 STORY AVENUE,10473,MONROE,MONROE,9.03637,0001,2092748,
1785 STORY AVENUE,10473,MONROE,MONROE,9.03663,0001,2092761,
1790 STORY AVENUE,10473,MONROE,MONROE,9.03637,0001,2092752,
1800 STORY AVENUE,10473,MONROE,MONROE,9.03637,0001,2092757,
1802 STORY AVENUE,10473,MONROE,MONROE,9.03637,0001,2092757,
1815 STORY AVENUE,10473,MONROE,MONROE,9.03663,0001,2092762,
461 SWINTON AVENUE,10465,THROGGS NECK,THROGGS NECK,10,05582,0001,2093888
471 SWINTON AVENUE,10465,THROGGS NECK,THROGGS NECK,10,05582,0001,2093888
475 SWINTON AVENUE,10465,THROGGS NECK,THROGGS NECK,10,05582,0001,2093888
1065 UNIVERSITY AVENUE,10452,HIGHBRIDGE GARDENS,HIGHBRIDGE GARDENS,4,02527,0032,2093964
1075 UNIVERSITY AVENUE,10452,HIGHBRIDGE GARDENS,HIGHBRIDGE GARDENS,4,02527,0032,2095216
1095 UNIVERSITY AVENUE,10452,HIGHBRIDGE GARDENS,HIGHBRIDGE GARDENS,4,02527,0032,2095217
1105 UNIVERSITY AVENUE,10452,HIGHBRIDGE GARDENS,HIGHBRIDGE GARDENS,4,02527,0032,2095217
1115 UNIVERSITY AVENUE,10452,HIGHBRIDGE GARDENS,HIGHBRIDGE GARDENS,4,02527,0032,2095220
1125 UNIVERSITY AVENUE,10452,HIGHBRIDGE GARDENS,HIGHBRIDGE GARDENS,4,02527,0032,2095220
1135 UNIVERSITY AVENUE,10452,HIGHBRIDGE GARDENS,HIGHBRIDGE GARDENS,4,02527,0032,2095218
1145 UNIVERSITY AVENUE,10452,HIGHBRIDGE GARDENS,HIGHBRIDGE GARDENS,4,02527,0032,2095219
1155 UNIVERSITY AVENUE,10452,HIGHBRIDGE GARDENS,HIGHBRIDGE GARDENS,4,02527,0032,2095219
1165 UNIVERSITY AVENUE,10452,HIGHBRIDGE GARDENS,HIGHBRIDGE GARDENS,4,02527,0032,2095219
1531 UNIVERSITY AVENUE,10453,SEDGWICK,SEDGWICK,5,02877,0001,2092104
1535 UNIVERSITY AVENUE,10453,SEDGWICK,SEDGWICK,5,02877,0001,2092104
1551 UNIVERSITY AVENUE,10453,SEDGWICK,SEDGWICK,5,02877,0001,2092105
1553 UNIVERSITY AVENUE,10453,SEDGWICK,SEDGWICK,5,02877,0001,2092105
2220 WALLACE AVENUE,10467,PELHAM PARKWAY,PELHAM PARKWAY,11,04349,0001,2093364
2222 WALLACE AVENUE,10467,PELHAM PARKWAY,PELHAM PARKWAY,11,04349,0001,2093364
2250 WALLACE AVENUE,10467,PELHAM PARKWAY,PELHAM PARKWAY,11,04349,0001,2093366
2280 WALLACE AVENUE,10467,PELHAM PARKWAY,PELHAM PARKWAY,11,04349,0001,2093356
1451 WASHINGTON AVENUE,10456,MORRIS II,MORRIS,3,02902,0036,2092075
1453 WASHINGTON AVENUE,10456,MORRIS II,MORRIS,3,02902,0036,2092075
1460 WASHINGTON AVENUE,10456,MORRIS II,MORRIS,3,02911,0001,2092114
1462 WASHINGTON AVENUE,10456,MORRIS II,MORRIS,3,02911,0001,2092114
1465 WASHINGTON AVENUE,10456,MORRIS II,MORRIS,3,02902,0036,2092093
1467 WASHINGTON AVENUE,10456,MORRIS II,MORRIS,3,02902,0036,2092093
1480 WASHINGTON AVENUE,10456,MORRIS II,MORRIS,3,02911,0001,2092112
1481 WASHINGTON AVENUE,10456,MORRIS II,MORRIS,3,02902,0036,2092094
49 WEST 225TH STREET,10463,MARBLE HILL,MARBLE HILL,8,02215,0116,1080005
69 WEST 225TH STREET,10463,MARBLE HILL,MARBLE HILL,8,02215,0116,1080004
79GA R WEST 225TH STREET,10463,MARBLE HILL,MARBLE HILL,8,02215,0116,1080002
79 WEST 225TH STREET,10463,MARBLE HILL,MARBLE HILL,8,02215,0116,1080004
89 WEST 225TH STREET,10463,MARBLE HILL,MARBLE HILL,8,02215,0116,1080001
125 WEST 228TH STREET,10463,MARBLE HILL,MARBLE HILL,8,02215,0623,1082782
210 WEST 230TH STREET,10463,MARBLE HILL,MARBLE HILL,8,05702,0001,2083146
1317 WEST FARMS ROAD,10459,WEST FARMS ROAD REHAB,BUILDING MANAGEMENT ASSOCIATES(PRIVATE-BX1),3,03007,0036,2010911
1321 WEST FARMS ROAD,10459,WEST FARMS ROAD REHAB,BUILDING MANAGEMENT ASSOCIATES(PRIVATE-BX1),3,03007,0036,2010911
1323 WEST FARMS ROAD,10459,WEST FARMS ROAD REHAB,BUILDING MANAGEMENT ASSOCIATES(PRIVATE-BX1),3,03007,0036,2010911
228 WEST TREMONT AVENUE,10453,WEST TREMONT AVENUE-SEDGWICK AVENUE AREA,SEDGWICK,5,02877,0497,2008963
2945 WHITE PLAINS ROAD,10467,PARKSIDE,PARKSIDE,11,04542,0100,2054714
2955 WHITE PLAINS ROAD,10467,PARKSIDE,PARKSIDE,11,04542,0100,2101735
2959 WHITE PLAINS ROAD,10467,PARKSIDE,PARKSIDE,11,04542,0100,2101736
2963 WHITE PLAINS ROAD,10467,PARKSIDE,PARKSIDE,11,04542,0100,2101735
2973 WHITE PLAINS ROAD,10467,PARKSIDE,PARKSIDE,11,04542,0100,2101737
2975 WHITE PLAINS ROAD,10467,PARKSIDE,PARKSIDE,11,04542,0100,2101737
3440 WHITE PLAINS ROAD,10467,GUN HILL,GUN HILL,12,04629,0050,2093518
3444 WHITE PLAINS ROAD,10467,GUN HILL,GUN HILL,12,04629,0050,2093518
3450 WHITE PLAINS ROAD,10467,GUN HILL,GUN HILL,12,04629,0050,2093518
130 3RD AVENUE,11217,WYCKOFF GARDENS,WYCKOFF GARDENS,6,00394,0001,3336054
132 3RD AVENUE,11217,WYCKOFF GARDENS,WYCKOFF GARDENS,6,00394,0001,3336054
136 3RD AVENUE,11217,WYCKOFF GARDENS,WYCKOFF GARDENS,6,00394,0001,3336054
2738 86TH STREET,11223,MARLBORO,MARLBORO,13,07140,0016,3322185
2740 86TH STREET,11223,MARLBORO,MARLBORO,13,07140,0016,3322196
2742 86TH STREET,11223,MARLBORO,MARLBORO,13,07140,0016,3378169
2768 86TH STREET,11223,MARLBORO,MARLBORO,13,07140,0016,3322196
2770 86TH STREET,11223,MARLBORO,MARLBORO,13,07140,0016,3322196
2780 86TH STREET,11223,MARLBORO,MARLBORO,13,07140,0016,3322193
2790 86TH STREET,11223,MARLBORO,MARLBORO,13,07140,0016,3322194
2800 86TH STREET,11223,MARLBORO,MARLBORO,13,07140,0016,3322195
193 ALBANY AVENUE,11213,ALBANY,ALBANY,8,01352,0080,3324612
205 ALBANY AVENUE,11213,ALBANY,ALBANY,8,01352,0080,3324613
10 AMBOY STREET,11212,GARVEY (GROUP A),GARVEY,16,03494,0010,3251969
20 AMBOY STREET,11212,GARVEY (GROUP A),GARVEY,16,03494,0010,3251969
458 ATKINS AVENUE,11208,FHA REPOSSESSED HOUSES(GROUP IX),BAISLEY PARK,5,04454,0030,3098364
458 ATKINS AVENUE,11208,FHA REPOSSESSED HOUSES(GROUP IX),BAISLEY PARK,5,04454,0030,3098364
787 ATLANTIC AVENUE,11238,NON DEVELOPMENT FACILITY,RENTED PROPERTY,,02009,0001,3335094
803 ATLANTIC AVENUE,11238,NON DEVELOPMENT FACILITY,RENTED PROPERTY,,02009,0001,3335094
4 AUBURN PLACE,11205,POLICE SERVICE AREA #3 SATELLITE,NYPD HOUSING BUREAU,2,02040,0001,3335247
4 AUBURN PLACE,11205,WHITMAN,WHITMAN,2,02040,0001,3335247
14 AUBURN PLACE,11205,WHITMAN,WHITMAN,2,02040,0001,3335247
32 AUBURN PLACE,11205,WHITMAN,WHITMAN,2,02040,0001,3335245
820 AUTUMN AVENUE,11208,PINK,PINK,5,04486,0001,3324204
5721 AVENUE H,11234,GLENWOOD,GLENWOOD,18,07978,0001,3331011
18 AVENUE V,11223,MARLBORO,MARLBORO,13,07137,0001,3322137
30 AVENUE V,11223,MARLBORO,MARLBORO,13,07137,0001,3322143
2932 AVENUE V,11229,SHEEPSHEAD BAY,SHEEPSHEAD BAY,15,07387,0001,3337289
2954 AVENUE V,11229,SHEEPSHEAD BAY,NYC DEPT OF PARKS,15,07387,0001,
2986 AVENUE V,11229,SHEEPSHEAD BAY,SHEEPSHEAD BAY,15,07387,0001,3337299
3004 AVENUE V,11229,NOSTRAND,SHEEPSHEAD BAY,15,07389,0001,3320783
3022 AVENUE V,11229,NOSTRAND,SHEEPSHEAD BAY,15,07389,0001,3320775
3024 AVENUE V,11229,NOSTRAND,SHEEPSHEAD BAY,15,07389,0001,3320775
3042 AVENUE V,11229,NOSTRAND,SHEEPSHEAD BAY,15,07389,0001,3320776
3044 AVENUE V,11229,NOSTRAND,SHEEPSHEAD BAY,15,07389,0001,3320776
3062 AVENUE V,11229,NOSTRAND,SHEEPSHEAD BAY,15,07389,0001,3320777
2977 AVENUE W,11229,SHEEPSHEAD BAY,SHEEPSHEAD BAY,15,07387,0001,3337297
2978 AVENUE W,11229,SHEEPSHEAD BAY,SHEEPSHEAD BAY,15,07405,1001,3344549
3012 AVENUE W,11229,NOSTRAND,SHEEPSHEAD BAY,15,07408,0001,3345788
3019 AVENUE W,11229,NOSTRAND,SHEEPSHEAD BAY,15,07389,0001,3320780
3021 AVENUE W,11229,NOSTRAND,SHEEPSHEAD BAY,15,07389,0001,3320780
3024 AVENUE W,11229,NOSTRAND,SHEEPSHEAD BAY,15,07408,0001,3345788
3040 AVENUE W,11229,NOSTRAND,SHEEPSHEAD BAY,15,07408,0001,3345786
3041 AVENUE W,11229,NOSTRAND,SHEEPSHEAD BAY,15,07389,0001,3320779
3043 AVENUE W,11229,NOSTRAND,SHEEPSHEAD BAY,15,07389,0001,3320779
3045 AVENUE W,11229,NOSTRAND,SHEEPSHEAD BAY,15,07389,0001,3320779
3054 AVENUE W,11229,NOSTRAND,SHEEPSHEAD BAY,15,07408,0001,3345786
1400 BERGEN STREET,11213,ALBANY II,ALBANY,8,01352,0001,3324611
1414 BERGEN STREET,11213,ALBANY II,ALBANY,8,01352,0001,3324609
1430 BERGEN STREET,11213,ALBANY II,ALBANY,8,01352,0001,3324610
1737 BERGEN STREET,11233,KINGSBOROUGH EXTENSION,KINGSBOROUGH,8,01344,0175,3035751
2232 BRAGG STREET,11229,NOSTRAND,SHEEPSHEAD BAY,15,07389,0001,3320777
2242 BRAGG STREET,11229,NOSTRAND,SHEEPSHEAD BAY,15,07389,0001,3320778
2264 BRAGG STREET,11229,NOSTRAND,SHEEPSHEAD BAY,15,07389,0001,3320778
2324 BRAGG STREET,11229,NOSTRAND,SHEEPSHEAD BAY,15,07408,0001,3345792
2344 BRAGG STREET,11229,NOSTRAND,SHEEPSHEAD BAY,15,07408,0001,3345792
2356 BRAGG STREET,11229,NOSTRAND,SHEEPSHEAD BAY,15,07408,0001,3345787
300 BUSHWICK AVENUE,11206,BORINQUEN PLAZA II,BORINQUEN PLAZA I,1,03081,0040,3071358
330 BUSHWICK AVENUE,11206,BORINQUEN PLAZA II,BORINQUEN PLAZA I,1,03081,0050,3071359
370 BUSHWICK AVENUE,11206,BUSHWICK,BUSHWICK,1,03129,0001,3338436
372 BUSHWICK AVENUE,11206,BUSHWICK,BUSHWICK,1,03129,0001,3338436
390 BUSHWICK AVENUE,11206,BUSHWICK,BUSHWICK,1,03129,0001,3338437
392 BUSHWICK AVENUE,11206,BUSHWICK,BUSHWICK,1,03129,0001,3338437
424 BUSHWICK AVENUE,11206,BUSHWICK,BUSHWICK,1,03129,0001,3338438
325 CLASSON AVENUE,11205,LAFAYETTE,LAFAYETTE,3,01938,0001,3321871
333 CLASSON AVENUE,11205,LAFAYETTE,LAFAYETTE,3,01938,0001,3321871
343 CLASSON AVENUE,11205,LAFAYETTE,LAFAYETTE,3,01938,0001,3321865
345 CLASSON AVENUE,11205,LAFAYETTE,LAFAYETTE,3,01938,0001,3321865
70 CLYMER STREET,11249,TAYLOR STREET-WYTHE AVENUE,TAYLOR STREET-WYTHE AVENUE,1,02175,0030,3251702
74 CLYMER STREET,11249,TAYLOR STREET-WYTHE AVENUE,TAYLOR STREET-WYTHE AVENUE,1,02175,0030,3251702
80 CLYMER STREET,11249,TAYLOR STREET-WYTHE AVENUE,TAYLOR STREET-WYTHE AVENUE,1,02175,0030,3251702
367 DOUGLASS STREET,11217,FHA REPOSSESSED HOUSES(GROUP IX),BAISLEY PARK,6,00943,0069,3019182
367 DOUGLASS STREET,11217,FHA REPOSSESSED HOUSES(GROUP IX),BAISLEY PARK,6,00943,0069,3019182
367 DOUGLASS STREET,11217,FHA REPOSSESSED HOUSES(GROUP IX),BAISLEY PARK,6,00943,0069,3019182
140 EAST 91ST STREET,11212,FHA REPOSSESSED HOUSES(GROUP IX),BAISLEY PARK,17,04609,0013,3099788
140 EAST 91ST STREET,11212,FHA REPOSSESSED HOUSES(GROUP IX),BAISLEY PARK,17,04609,0013,3099788
617 EAST 108TH STREET,11236,BREUKELEN,BREUKELEN,18,08158,0001,3331298
618 EAST 108TH STREET,11236,BREUKELEN,BREUKELEN,18,08174,0001,3321409
619 EAST 108TH STREET,11236,BREUKELEN,BREUKELEN,18,08158,0001,3331298
620 EAST 108TH STREET,11236,BREUKELEN,BREUKELEN,18,08174,0001,3321409
650 EAST 108TH STREET,11236,BREUKELEN,BREUKELEN,18,08174,0001,3321410
651 EAST 108TH STREET,11236,BREUKELEN,BREUKELEN,18,08158,0001,3331299
653 EAST 108TH STREET,11236,BREUKELEN,BREUKELEN,18,08158,0001,3331299
655 EAST 108TH STREET,11236,BREUKELEN,BREUKELEN,18,08158,0001,3331299
657 EAST 108TH STREET,11236,BREUKELEN,BREUKELEN,18,08158,0001,3331299
711 EAST 108TH STREET,11236,BREUKELEN,BREUKELEN,18,08158,0205,3321344
712 EAST 108TH STREET,11236,BREUKELEN,BREUKELEN,18,08193,0001,3321519
713 EAST 108TH STREET,11236,BREUKELEN,BREUKELEN,18,08158,0205,3321344
714 EAST 108TH STREET,11236,BREUKELEN,BREUKELEN,18,08193,0001,3321519
715 EAST 108TH STREET,11236,BREUKELEN,BREUKELEN,18,08158,0205,3321344
716 EAST 108TH STREET,11236,BREUKELEN,BREUKELEN,18,08193,0001,3321519
717 EAST 108TH STREET,11236,BREUKELEN,BREUKELEN,18,08158,0205,3321344
718 EAST 108TH STREET,11236,BREUKELEN,BREUKELEN,18,08193,0001,3321519
757 EAST 108TH STREET,11236,BREUKELEN,BREUKELEN,18,08158,0205,3321345
759 EAST 108TH STREET,11236,BREUKELEN,BREUKELEN,18,08158,0205,3321345
761 EAST 108TH STREET,11236,BREUKELEN,BREUKELEN,18,08158,0205,3321345
5814 FARRAGUT ROAD,11234,GLENWOOD,GLENWOOD,18,07978,0001,3331003
5816 FARRAGUT ROAD,11234,GLENWOOD,GLENWOOD,18,07978,0001,3331003
105-12 FARRAGUT ROAD,11236,BREUKELEN,BREUKELEN,18,08174,0001,3321415
106-02 FARRAGUT ROAD,11236,BREUKELEN,BREUKELEN,18,08174,0001,3321407
106-12 FARRAGUT ROAD,11236,BREUKELEN,BREUKELEN,18,08174,0001,3321407
106-22 FARRAGUT ROAD,11236,BREUKELEN,BREUKELEN,18,08174,0001,3321408
107-02 FARRAGUT ROAD,11236,BREUKELEN,BREUKELEN,18,08174,0001,3321408
107-12 FARRAGUT ROAD,11236,BREUKELEN,BREUKELEN,18,08174,0001,3321409
103-07 FLATLANDS AVENUE,11236,BREUKELEN,BREUKELEN,18,08191,0001,3321514
106-03 FLATLANDS AVENUE,11236,BREUKELEN,BREUKELEN,18,08193,0001,3321521
106-05 FLATLANDS AVENUE,11236,BREUKELEN,BREUKELEN,18,08193,0001,3321521
106-07 FLATLANDS AVENUE,11236,BREUKELEN,BREUKELEN,18,08193,0001,3321521
106-09 FLATLANDS AVENUE,11236,BREUKELEN,BREUKELEN,18,08193,0001,3321521
107-11 FLATLANDS AVENUE,11236,BREUKELEN,BREUKELEN,18,08193,0001,3321520
107-13 FLATLANDS AVENUE,11236,BREUKELEN,BREUKELEN,18,08193,0001,3321520
107-15 FLATLANDS AVENUE,11236,BREUKELEN,BREUKELEN,18,08193,0001,3321520
108-35 FLATLANDS AVENUE,11236,BREUKELEN,BREUKELEN,18,08158,0205,3321346
108-37 FLATLANDS AVENUE,11236,BREUKELEN,BREUKELEN,18,08158,0205,3321346
108-39 FLATLANDS AVENUE,11236,BREUKELEN,BREUKELEN,18,08158,0205,3321346
108-41 FLATLANDS AVENUE,11236,BREUKELEN,BREUKELEN,18,08158,0205,3321346
344 FOUNTAIN AVENUE,11208,EAST NEW YORK CITY LINE,CYPRESS HILLS,5,04263,0040,3323978
345 FOUNTAIN AVENUE,11208,CYPRESS HILLS,CYPRESS HILLS,5,04292,0061,3337023
346 FOUNTAIN AVENUE,11208,EAST NEW YORK CITY LINE,CYPRESS HILLS,5,04263,0040,3323979
348 FOUNTAIN AVENUE,11208,EAST NEW YORK CITY LINE,CYPRESS HILLS,5,04263,0040,3323980
365 FOUNTAIN AVENUE,11208,CYPRESS HILLS,CYPRESS HILLS,5,04292,0061,3337025
375 FOUNTAIN AVENUE,11208,CYPRESS HILLS,CYPRESS HILLS,5,04292,0061,3337025
385 FOUNTAIN AVENUE,11208,CYPRESS HILLS,CYPRESS HILLS,5,04292,0061,3337037
395 FOUNTAIN AVENUE,11208,CYPRESS HILLS,CYPRESS HILLS,5,04292,0061,3337037
435 FOUNTAIN AVENUE,11208,CYPRESS HILLS,CYPRESS HILLS,5,04292,0061,3337039
445 FOUNTAIN AVENUE,11208,CYPRESS HILLS,CYPRESS HILLS,5,04292,0061,3337039
455 FOUNTAIN AVENUE,11208,CYPRESS HILLS,CYPRESS HILLS,5,04292,0061,3337039
460 FOUNTAIN AVENUE,11208,EAST NEW YORK CITY LINE,CYPRESS HILLS,5,04458,0035,3324298
462 FOUNTAIN AVENUE,11208,EAST NEW YORK CITY LINE,CYPRESS HILLS,5,04458,0035,3324299
464 FOUNTAIN AVENUE,11208,EAST NEW YORK CITY LINE,CYPRESS HILLS,5,04458,0035,3324300
465 FOUNTAIN AVENUE,11208,CYPRESS HILLS,CYPRESS HILLS,5,04292,0061,3337039
466 FOUNTAIN AVENUE,11208,EAST NEW YORK CITY LINE,CYPRESS HILLS,5,04458,0035,3324301
468 FOUNTAIN AVENUE,11208,EAST NEW YORK CITY LINE,CYPRESS HILLS,5,04458,0035,3324302
470 FOUNTAIN AVENUE,11208,EAST NEW YORK CITY LINE,CYPRESS HILLS,5,04458,0035,3324303
475 FOUNTAIN AVENUE,11208,CYPRESS HILLS,CYPRESS HILLS,5,04292,0061,3337041
485 FOUNTAIN AVENUE,11208,CYPRESS HILLS,CYPRESS HILLS,5,04292,0061,3337041
5905 GLENWOOD ROAD,11234,GLENWOOD,GLENWOOD,18,07978,0001,3331021
5907 GLENWOOD ROAD,11234,GLENWOOD,GLENWOOD,18,07978,0001,3331013
5909 GLENWOOD ROAD,11234,GLENWOOD,GLENWOOD,18,07978,0001,3331013
5913 GLENWOOD ROAD,11234,GLENWOOD,GLENWOOD,18,07978,0001,3331013
5915 GLENWOOD ROAD,11234,GLENWOOD,GLENWOOD,18,07978,0001,3331013
103-12 GLENWOOD ROAD,11236,BREUKELEN,BREUKELEN,18,08191,0001,3321517
104-06 GLENWOOD ROAD,11236,BREUKELEN,BREUKELEN,18,08191,0001,3321516
105-13 GLENWOOD ROAD,11236,BREUKELEN,BREUKELEN,18,08174,0001,3321414
106-02 GLENWOOD ROAD,11236,BREUKELEN,BREUKELEN,18,08193,0001,3321518
106-03 GLENWOOD ROAD,11236,BREUKELEN,BREUKELEN,18,08174,0001,3321413
106-04 GLENWOOD ROAD,11236,BREUKELEN,BREUKELEN,18,08193,0001,3321518
106-05 GLENWOOD ROAD,11236,BREUKELEN,BREUKELEN,18,08174,0001,3321413
106-06 GLENWOOD ROAD,11236,BREUKELEN,BREUKELEN,18,08193,0001,3321518
106-07 GLENWOOD ROAD,11236,BREUKELEN,BREUKELEN,18,08174,0001,3321413
106-08 GLENWOOD ROAD,11236,BREUKELEN,BREUKELEN,18,08193,0001,3321518
106-09 GLENWOOD ROAD,11236,BREUKELEN,BREUKELEN,18,08174,0001,3321413
107-17 GLENWOOD ROAD,11236,BREUKELEN,BREUKELEN,18,08174,0001,3321412
107-19 GLENWOOD ROAD,11236,BREUKELEN,BREUKELEN,18,08174,0001,3321412
107-21 GLENWOOD ROAD,11236,BREUKELEN,BREUKELEN,18,08174,0001,3321412
130 GOLD STREET,11201,FARRAGUT,FARRAGUT,2,00068,0001,3325904
150 GOLD STREET,11201,FARRAGUT,FARRAGUT,2,00068,0001,3325905
185 GOLD STREET,11201,FARRAGUT,FARRAGUT,2,00090,0001,3325920
330 HUDSON WALK,11201,INGERSOLL,INGERSOLL,2,02050,0001,3257038
340 HUDSON WALK,11201,INGERSOLL,INGERSOLL,2,02050,0001,3257036
342 HUDSON WALK,11201,INGERSOLL,INGERSOLL,2,02050,0001,3257036
24 HUMBOLDT STREET,11206,BUSHWICK,BUSHWICK,1,03129,0001,3338433
50 HUMBOLDT STREET,11206,BUSHWICK,BUSHWICK,1,03129,0001,3338434
101 HUMBOLDT STREET,11206,BORINQUEN PLAZA I,BORINQUEN PLAZA I,1,03080,0040,3071354
110 HUMBOLDT STREET,11206,BORINQUEN PLAZA II,BORINQUEN PLAZA I,1,03081,0080,3071363
111 HUMBOLDT STREET,11206,BORINQUEN PLAZA I,BORINQUEN PLAZA I,1,03080,0070,3071356
120 HUMBOLDT STREET,11206,BORINQUEN PLAZA II,BORINQUEN PLAZA I,1,03081,0070,3071361
124 HUMBOLDT STREET,11206,BORINQUEN PLAZA II,BORINQUEN PLAZA I,1,03081,0075,3071362
125 HUMBOLDT STREET,11206,BORINQUEN PLAZA I,BORINQUEN PLAZA I,1,03080,0020,3071353
130 HUMBOLDT STREET,11206,BORINQUEN PLAZA II,BORINQUEN PLAZA I,1,03081,0001,3071357
108 KINGSBOROUGH 1ST WALK,11233,KINGSBOROUGH,KINGSBOROUGH,8,01344,0001,3324600
120 KINGSBOROUGH 1ST WALK,11233,KINGSBOROUGH,KINGSBOROUGH,8,01344,0001,3324600
127 KINGSBOROUGH 1ST WALK,11233,KINGSBOROUGH,KINGSBOROUGH,8,01344,0001,3324601
129 KINGSBOROUGH 1ST WALK,11233,KINGSBOROUGH,KINGSBOROUGH,8,01344,0001,3324601
133 KINGSBOROUGH 1ST WALK,11233,KINGSBOROUGH,KINGSBOROUGH,8,01344,0001,3324601
135 KINGSBOROUGH 1ST WALK,11233,KINGSBOROUGH,KINGSBOROUGH,8,01344,0001,3324601
142 KINGSBOROUGH 1ST WALK,11233,KINGSBOROUGH,KINGSBOROUGH,8,01344,0001,3331187
154 KINGSBOROUGH 1ST WALK,11233,KINGSBOROUGH,KINGSBOROUGH,8,01344,0001,3331187
207 KINGSBOROUGH 2ND WALK,11233,KINGSBOROUGH,KINGSBOROUGH,8,01344,0001,3324602
219 KINGSBOROUGH 2ND WALK,11233,KINGSBOROUGH,KINGSBOROUGH,8,01344,0001,3324602
241 KINGSBOROUGH 2ND WALK,11233,KINGSBOROUGH,KINGSBOROUGH,8,01344,0001,3324603
253 KINGSBOROUGH 2ND WALK,11233,KINGSBOROUGH,KINGSBOROUGH,8,01344,0001,3324603
307 KINGSBOROUGH 3RD WALK,11233,KINGSBOROUGH,KINGSBOROUGH,8,01344,0001,3331195
308 KINGSBOROUGH 3RD WALK,11233,KINGSBOROUGH,KINGSBOROUGH,8,01344,0001,3331197
319 KINGSBOROUGH 3RD WALK,11233,KINGSBOROUGH,KINGSBOROUGH,8,01344,0001,3331195
320 KINGSBOROUGH 3RD WALK,11233,KINGSBOROUGH,KINGSBOROUGH,8,01344,0001,3331197
341 KINGSBOROUGH 3RD WALK,11233,KINGSBOROUGH,KINGSBOROUGH,8,01344,0001,3331196
342 KINGSBOROUGH 3RD WALK,11233,KINGSBOROUGH,KINGSBOROUGH,8,01344,0001,3331198
353 KINGSBOROUGH 3RD WALK,11233,KINGSBOROUGH,KINGSBOROUGH,8,01344,0001,3331196
354 KINGSBOROUGH 3RD WALK,11233,KINGSBOROUGH,KINGSBOROUGH,8,01344,0001,3331198
529 KINGSBOROUGH 5TH WALK,11233,KINGSBOROUGH,KINGSBOROUGH,8,01344,0001,3331200
541 KINGSBOROUGH 5TH WALK,11233,KINGSBOROUGH,KINGSBOROUGH,8,01344,0001,3331200
553 KINGSBOROUGH 5TH WALK,11233,KINGSBOROUGH,KINGSBOROUGH,8,01344,0001,3331200
629 KINGSBOROUGH 6TH WALK,11233,KINGSBOROUGH,KINGSBOROUGH,8,01344,0001,3324599
630 KINGSBOROUGH 6TH WALK,11233,KINGSBOROUGH,KINGSBOROUGH,8,01344,0001,3324598
641 KINGSBOROUGH 6TH WALK,11233,KINGSBOROUGH,KINGSBOROUGH,8,01344,0001,3324599
642 KINGSBOROUGH 6TH WALK,11233,KINGSBOROUGH,KINGSBOROUGH,8,01344,0001,3324598
653 KINGSBOROUGH 6TH WALK,11233,KINGSBOROUGH,KINGSBOROUGH,8,01344,0001,3324599
654 KINGSBOROUGH 6TH WALK,11233,KINGSBOROUGH,KINGSBOROUGH,8,01344,0001,3324598
707 KINGSBOROUGH 7TH WALK,11233,KINGSBOROUGH,KINGSBOROUGH,16,01438,0001,3257064
708 KINGSBOROUGH 7TH WALK,11233,KINGSBOROUGH,KINGSBOROUGH,16,01438,0001,3257063
719 KINGSBOROUGH 7TH WALK,11233,KINGSBOROUGH,KINGSBOROUGH,16,01438,0001,3257064
720 KINGSBOROUGH 7TH WALK,11233,KINGSBOROUGH,KINGSBOROUGH,16,01438,0001,3257063
60 KINGSLAND AVENUE,11211,COOPER PARK,COOPER PARK,1,02867,0001,3339336
76 KINGSLAND AVENUE,11211,COOPER PARK,COOPER PARK,1,02867,0001,3332781
387 LAFAYETTE AVENUE,11238,LAFAYETTE,LAFAYETTE,3,01938,0001,3321865
389 LAFAYETTE AVENUE,11238,LAFAYETTE,LAFAYETTE,3,01938,0001,3321865
411 LAFAYETTE AVENUE,11238,LAFAYETTE,LAFAYETTE,3,01938,0001,3339158
415 LAFAYETTE AVENUE,11238,LAFAYETTE,LAFAYETTE,3,01938,0001,3321869
433 LAFAYETTE AVENUE,11238,LAFAYETTE,LAFAYETTE,3,01938,0001,3321868
435 LAFAYETTE AVENUE,11238,LAFAYETTE,LAFAYETTE,3,01938,0001,3321868
30 MANHATTAN AVENUE,11206,BORINQUEN PLAZA I,BORINQUEN PLAZA I,1,03105,0001,3327986
50 MANHATTAN AVENUE,11206,BORINQUEN PLAZA I,BORINQUEN PLAZA I,1,03096,0001,3071440
43 MARCUS GARVEY BOULEVARD,11206,SUMNER,SUMNER,3,01580,0001,3324728
44 MARCUS GARVEY BOULEVARD,11206,SUMNER,SUMNER,3,01749,0015,3338600
47 MARCUS GARVEY BOULEVARD,11206,SUMNER,SUMNER,3,01580,0001,3324728
54 MARCUS GARVEY BOULEVARD,11206,SUMNER,SUMNER,3,01749,0015,3338601
56 MARCUS GARVEY BOULEVARD,11206,SUMNER,SUMNER,3,01749,0015,3338601
67 MARCUS GARVEY BOULEVARD,11206,SUMNER,SUMNER,3,01580,0001,3324732
68 MARCUS GARVEY BOULEVARD,11206,SUMNER,SUMNER,3,01749,0015,3338598
153 MARCUS GARVEY BOULEVARD,11206,ROOSEVELT I,ROOSEVELT,3,01597,0001,3324968
155 MARCUS GARVEY BOULEVARD,11206,ROOSEVELT I,ROOSEVELT,3,01597,0001,3324968
2301 MERMAID AVENUE,11224,POLICE SERVICE AREA #1,NYPD HOUSING BUREAU,13,07015,0040,3397616
16 MILL STREET,11231,RED HOOK EAST,RED HOOK EAST,6,00538,0001,3332221
21 MILL STREET,11231,RED HOOK EAST,RED HOOK EAST,6,00538,0001,3332069
22 MILL STREET,11231,RED HOOK EAST,RED HOOK EAST,6,00538,0001,3332221
62 MILL STREET,11231,RED HOOK EAST,RED HOOK EAST,6,00538,0001,3332228
108 MILL STREET,11231,RED HOOK EAST,RED HOOK EAST,6,00538,0001,3332219
116 MILL STREET,11231,RED HOOK EAST,RED HOOK EAST,6,00538,0001,3332219
60 MOORE STREET,11206,BORINQUEN PLAZA I,BORINQUEN PLAZA I,1,03105,0109,3071508
128 MOORE STREET,11206,BUSHWICK,BUSHWICK,1,03129,0001,3338434
130 MOORE STREET,11206,BUSHWICK,BUSHWICK,1,03129,0001,3338434
131 MOORE STREET,11206,HYLAN,BUSHWICK,1,03098,0001,3071469
140 MOORE STREET,11206,BUSHWICK,BUSHWICK,1,03129,0001,3338435
142 MOORE STREET,11206,BUSHWICK,BUSHWICK,1,03129,0001,3338435
160 MOORE STREET,11206,BUSHWICK,BUSHWICK,1,03129,0001,3338436
389 MORGAN AVENUE,11211,COOPER PARK,COOPER PARK,1,02867,0001,3332784
401 MORGAN AVENUE,11211,COOPER PARK,COOPER PARK,1,02867,0001,3332784
417 MORGAN AVENUE,11211,COOPER PARK,COOPER PARK,1,02867,0001,3327833
260 MOTHER GASTON BOULEVARD,11212,HOWARD,HOWARD,16,03489,0001,3339439
270 MOTHER GASTON BOULEVARD,11212,HOWARD,HOWARD,16,03489,0001,3424543
280 MOTHER GASTON BOULEVARD,11212,HOWARD,HOWARD,16,03489,0001,3424544
290 MOTHER GASTON BOULEVARD,11212,HOWARD,HOWARD,16,03489,0001,3339442
300 MOTHER GASTON BOULEVARD,11212,HOWARD,HOWARD,16,03489,0001,3339441
360 MOTHER GASTON BOULEVARD,11212,GLENMORE PLAZA,LOW HOUSES,16,03507,0001,3080766
500 MOTHER GASTON BOULEVARD,11212,BROWNSVILLE,BROWNSVILLE,16,03544,0001,3326508
512 MOTHER GASTON BOULEVARD,11212,BROWNSVILLE,BROWNSVILLE,16,03544,0001,3326509
528 MOTHER GASTON BOULEVARD,11212,BROWNSVILLE,BROWNSVILLE,16,03561,0001,3325326
544 MOTHER GASTON BOULEVARD,11212,BROWNSVILLE,BROWNSVILLE,16,03561,0001,3326524
550 MOTHER GASTON BOULEVARD,11212,BROWNSVILLE,BROWNSVILLE,16,03561,0001,3326524
556 MOTHER GASTON BOULEVARD,11212,BROWNSVILLE,BROWNSVILLE,16,03561,0001,3326524
563 MOTHER GASTON BOULEVARD,11212,VAN DYKE I,VAN DYKE I,16,03777,0001,3328041
565 MOTHER GASTON BOULEVARD,11212,VAN DYKE I,VAN DYKE I,16,03777,0001,3328041
630 MOTHER GASTON BOULEVARD,11212,TILDEN,TILDEN,16,03576,0001,3326549
327 MYRTLE AVENUE,11205,WHITMAN,WHITMAN,2,02041,0001,3335255
329 MYRTLE AVENUE,11205,WHITMAN,WHITMAN,2,02041,0001,3335255
329A MYRTLE AVENUE,11205,WHITMAN,WHITMAN,2,02041,0001,3335255
331 MYRTLE AVENUE,11205,WHITMAN,WHITMAN,2,02041,0001,3335255
331A MYRTLE AVENUE,11205,WHITMAN,WHITMAN,2,02041,0001,3335255
911A MYRTLE AVENUE,11206,TOMPKINS,TOMPKINS,3,01740,0001,3324249
911 MYRTLE AVENUE,11206,TOMPKINS,TOMPKINS,3,01740,0001,3324249
919 MYRTLE AVENUE,11206,TOMPKINS,TOMPKINS,3,01740,0001,3324250
921 MYRTLE AVENUE,11206,TOMPKINS,TOMPKINS,3,01740,0001,3324250
979 MYRTLE AVENUE,11206,SUMNER,SUMNER,3,01749,0015,3338596
987 MYRTLE AVENUE,11206,SUMNER,SUMNER,3,01749,0015,3338597
991 MYRTLE AVENUE,11206,SUMNER,SUMNER,3,01749,0015,3338597
995 MYRTLE AVENUE,11206,SUMNER,SUMNER,3,01749,0015,3338598
1031 MYRTLE AVENUE,11206,SUMNER,SUMNER,3,01580,0001,3324732
1043 MYRTLE AVENUE,11206,SUMNER,SUMNER,3,01580,0001,3324733
1055 MYRTLE AVENUE,11206,SUMNER,SUMNER,3,01580,0001,3324733
1059 MYRTLE AVENUE,11206,SUMNER,SUMNER,3,01580,0001,3324731
1060 MYRTLE AVENUE,11206,303 VERNON AVENUE,SUMNER,3,01585,0001,3042881
1061 MYRTLE AVENUE,11206,SUMNER,SUMNER,3,01580,0001,3324731
237 NASSAU STREET,11201,FARRAGUT,FARRAGUT,2,00090,0001,3325918
251 NASSAU STREET,11201,FARRAGUT,FARRAGUT,2,00090,0001,3325918
253 NASSAU STREET,11201,FARRAGUT,FARRAGUT,2,00090,0001,3325918
3201 NEPTUNE AVENUE,11224,GRAVESEND,O&#x27;DWYER GARDENS,13,06964,0002,3331083
3225 NEPTUNE AVENUE,11224,GRAVESEND,O&#x27;DWYER GARDENS,13,06964,0002,3331097
185 NEVINS STREET,11217,WYCKOFF GARDENS,WYCKOFF GARDENS,6,00394,0001,3336055
187 NEVINS STREET,11217,WYCKOFF GARDENS,WYCKOFF GARDENS,6,00394,0001,3336055
191 NEVINS STREET,11217,WYCKOFF GARDENS,WYCKOFF GARDENS,6,00394,0001,3336055
119 NOLL STREET,11206,POLICE SERVICE AREA #3,NYPD HOUSING BUREAU,4,03148,0053,3000000
121 NOLL STREET,11206,POLICE SERVICE AREA #3,NYPD HOUSING BUREAU,4,03148,0051,3000000
123 NOLL STREET,11206,POLICE SERVICE AREA #3,NYPD HOUSING BUREAU,4,03148,0050,3000000
125 NOLL STREET,11206,POLICE SERVICE AREA #3,NYPD HOUSING BUREAU,4,03148,0049,3000000
127 NOLL STREET,11206,POLICE SERVICE AREA #3,NYPD HOUSING BUREAU,4,03148,0048,3000000
81 NORTH PORTLAND AVENUE,11205,WHITMAN,WHITMAN,2,02041,0001,3335257
99 NORTH PORTLAND AVENUE,11205,WHITMAN,WHITMAN,2,02041,0001,3335258
101 NORTH PORTLAND AVENUE,11205,WHITMAN,WHITMAN,2,02041,0001,3335258
80 OSBORN STREET,11212,HOWARD,HOWARD,16,03489,0001,3424541
224 OSBORN STREET,11212,BROWNSVILLE,BROWNSVILLE,16,03544,0001,3326515
230 OSBORN STREET,11212,BROWNSVILLE,BROWNSVILLE,16,03544,0001,3326515
236 OSBORN STREET,11212,BROWNSVILLE,BROWNSVILLE,16,03544,0001,3326515
251 OSBORN STREET,11212,BROWNSVILLE,BROWNSVILLE,16,03544,0001,3344722
252 OSBORN STREET,11212,BROWNSVILLE,BROWNSVILLE,16,03544,0001,3326511
267 OSBORN STREET,11212,BROWNSVILLE,BROWNSVILLE,16,03561,0001,3326528
268 OSBORN STREET,11212,BROWNSVILLE,BROWNSVILLE,16,03561,0001,3326527
294 OSBORN STREET,11212,BROWNSVILLE,BROWNSVILLE,16,03561,0001,3326525
295 OSBORN STREET,11212,BROWNSVILLE,BROWNSVILLE,16,03561,0001,3326531
311 OSBORN STREET,11212,BROWNSVILLE,BROWNSVILLE,16,03561,0001,3326521
312 OSBORN STREET,11212,BROWNSVILLE,BROWNSVILLE,16,03561,0001,3326520
1880 PACIFIC STREET,11233,KINGSBOROUGH,KINGSBOROUGH,8,01344,0001,3331199
2000 PACIFIC STREET,11233,KINGSBOROUGH,NYC DEPT OF PARKS,16,01438,0001,
1740 PROSPECT PLACE,11233,PROSPECT PLAZA II,"CORNELL PLACE, INC",16,01463,0016,3425182
1743 PROSPECT PLACE,11233,PROSPECT PLAZA I,"CORNELL PLACE, INC",16,01458,0052,3425175
1744 PROSPECT PLACE,11233,PROSPECT PLAZA II,"CORNELL PLACE, INC",16,01463,0016,3425182
1747 PROSPECT PLACE,11233,PROSPECT PLAZA I,"CORNELL PLACE, INC",16,01458,0052,3425176
1748 PROSPECT PLACE,11233,PROSPECT PLAZA II,"CORNELL PLACE, INC",16,01463,0016,3425182
1751 PROSPECT PLACE,11233,PROSPECT PLAZA I,"CORNELL PLACE, INC",16,01458,0052,3425177
1752 PROSPECT PLACE,11233,PROSPECT PLAZA II,"CORNELL PLACE, INC",16,01463,0016,3425182
1755 PROSPECT PLACE,11233,PROSPECT PLAZA I,"CORNELL PLACE, INC",16,01458,0052,3425178
1756 PROSPECT PLACE,11233,PROSPECT PLAZA II,"CORNELL PLACE, INC",16,01463,0016,3425182
1760 PROSPECT PLACE,11233,PROSPECT PLAZA II,"CORNELL PLACE, INC",16,01463,0016,3425182
1765 PROSPECT PLACE,11233,PROSPECT PLAZA I,"CORNELL PLACE, INC",16,01458,0140,3425174
314 PULASKI STREET,11206,ROOSEVELT I,ROOSEVELT,3,01597,0001,3324969
360 PULASKI STREET,11206,ROOSEVELT I,ROOSEVELT,3,01598,0001,3324973
383 PULASKI STREET,11206,ROOSEVELT II,ROOSEVELT,3,01595,0024,3043113
385 PULASKI STREET,11206,ROOSEVELT II,ROOSEVELT,3,01595,0024,3043113
388 PULASKI STREET,11206,ROOSEVELT I,ROOSEVELT,3,01598,0001,3324972
553 ROCKAWAY AVENUE,11212,BROWNSVILLE,BROWNSVILLE,16,03544,0001,3326513
557 ROCKAWAY AVENUE,11212,BROWNSVILLE,BROWNSVILLE,16,03544,0001,3326513
561 ROCKAWAY AVENUE,11212,BROWNSVILLE,BROWNSVILLE,16,03544,0001,3326513
619 ROCKAWAY AVENUE,11212,BROWNSVILLE,BROWNSVILLE,16,03561,0001,3326530
625 ROCKAWAY AVENUE,11212,BROWNSVILLE,BROWNSVILLE,16,03561,0001,3326530
659GAR ROCKAWAY AVENUE,11212,TILDEN,TILDEN,16,03576,0001,3388152
51 ROSS STREET,11249,TAYLOR STREET-WYTHE AVENUE,TAYLOR STREET-WYTHE AVENUE,1,02175,0080,3059903
55 ROSS STREET,11249,TAYLOR STREET-WYTHE AVENUE,TAYLOR STREET-WYTHE AVENUE,1,02175,0080,3059903
36 SAINT EDWARDS STREET,11205,INGERSOLL,INGERSOLL,2,02034,0001,3345032
46 SAINT EDWARDS STREET,11205,INGERSOLL,INGERSOLL,2,02034,0001,3345032
60 SAINT EDWARDS STREET,11205,INGERSOLL,INGERSOLL,2,02034,0001,3335233
64 SAINT EDWARDS STREET,11205,INGERSOLL,INGERSOLL,2,02034,0001,3335233
74 SAINT EDWARDS STREET,11205,INGERSOLL,INGERSOLL,2,02034,0001,3335233
82 SAINT EDWARDS STREET,11205,INGERSOLL,INGERSOLL,2,02034,0001,3345036
365 SACKMAN STREET,11212,LOW HOUSES,LOW HOUSES,16,03745,0001,3084013
367 SACKMAN STREET,11212,LOW HOUSES,LOW HOUSES,16,03745,0001,3084013
88 SAINT EDWARDS STREET,11205,INGERSOLL,INGERSOLL,2,02034,0001,3345036
90 SAINT EDWARDS STREET,11205,INGERSOLL,INGERSOLL,2,02034,0001,3345036
1008 SAINT MARKS AVENUE,11213,ALBANY,ALBANY,8,01352,0080,3324616
1630 SAINT MARKS AVENUE,11233,BROWN,GARVEY,16,01460,0001,3394308
1634 SAINT MARKS AVENUE,11233,BROWN,GARVEY,16,01460,0001,3324683
396 SARATOGA AVENUE,11233,PROSPECT PLAZA II,"CORNELL PLACE, INC",16,01463,0041,3425325
422 SARATOGA AVENUE,11233,PROSPECT PLAZA PHASE III,"CORNELL PLACE, INC",16,01467,7501,3324687
430 SARATOGA AVENUE,11233,PROSPECT PLAZA PHASE III,"CORNELL PLACE, INC",16,01467,7501,3324687
733 SNEDIKER AVENUE,11207,FHA REPOSSESSED HOUSES(GROUPV),BAISLEY PARK,5,03874,0007,3086027
733 SNEDIKER AVENUE,11207,FHA REPOSSESSED HOUSES(GROUPV),BAISLEY PARK,5,03874,0007,3086027
733 SNEDIKER AVENUE,11207,FHA REPOSSESSED HOUSES(GROUPV),BAISLEY PARK,5,03874,0007,3086027
733 SNEDIKER AVENUE,11207,FHA REPOSSESSED HOUSES(GROUPV),BAISLEY PARK,5,03874,0007,3086027
1835 STERLING PLACE,11233,PROSPECT PLAZA PHASE III,"CORNELL PLACE, INC",16,01467,7501,3324687
50 STUYVESANT AVENUE,11221,ROOSEVELT II,ROOSEVELT,3,01595,0024,3341752
51 STUYVESANT AVENUE,11221,ROOSEVELT II,ROOSEVELT,3,01596,0001,3000000
52 STUYVESANT AVENUE,11221,ROOSEVELT II,ROOSEVELT,3,01595,0024,3341752
296 SUTTER AVENUE,11212,BROWNSVILLE,BROWNSVILLE,16,03544,0001,3326516
300 SUTTER AVENUE,11212,BROWNSVILLE,BROWNSVILLE,16,03544,0001,3326516
301 SUTTER AVENUE,11212,HUGHES APARTMENTS,HUGHES APARTMENTS,16,03526,0021,3348344
303 SUTTER AVENUE,11212,HUGHES APARTMENTS,HUGHES APARTMENTS,16,03526,0021,3348344
305G AR SUTTER AVENUE,11212,HUGHES APARTMENTS,HUGHES APARTMENTS,16,03526,0021,3388153
305 SUTTER AVENUE,11212,HUGHES APARTMENTS,HUGHES APARTMENTS,16,03526,0021,3333397
307 SUTTER AVENUE,11212,HUGHES APARTMENTS,HUGHES APARTMENTS,16,03526,0021,3333397
308 SUTTER AVENUE,11212,BROWNSVILLE,BROWNSVILLE,16,03544,0001,3326517
315 SUTTER AVENUE,11212,HUGHES APARTMENTS,HUGHES APARTMENTS,16,03526,0021,3333397
317 SUTTER AVENUE,11212,HUGHES APARTMENTS,HUGHES APARTMENTS,16,03526,0021,3333397
335 SUTTER AVENUE,11212,HUGHES APARTMENTS,HUGHES APARTMENTS,16,03526,0021,3333398
337 SUTTER AVENUE,11212,HUGHES APARTMENTS,HUGHES APARTMENTS,16,03526,0021,3333398
362 SUTTER AVENUE,11212,VAN DYKE I,VAN DYKE I,16,03760,0001,3328028
364 SUTTER AVENUE,11212,VAN DYKE I,VAN DYKE I,16,03760,0001,3328029
366 SUTTER AVENUE,11212,VAN DYKE I,VAN DYKE I,16,03760,0001,3328029
382 SUTTER AVENUE,11212,VAN DYKE I,VAN DYKE I,16,03760,0001,3328030
390 SUTTER AVENUE,11212,VAN DYKE I,VAN DYKE I,16,03760,0001,3328030
410 SUTTER AVENUE,11212,VAN DYKE I,VAN DYKE I,16,03760,0001,3328031
412 SUTTER AVENUE,11212,VAN DYKE I,VAN DYKE I,16,03760,0001,3328031
414 SUTTER AVENUE,11212,VAN DYKE I,VAN DYKE I,16,03760,0001,3328032
61 THATFORD AVENUE,11212,HOWARD,HOWARD,16,03489,0001,3424540
17 VANDALIA AVENUE,11239,VANDALIA AVENUE,VANDALIA AVENUE,5,04431,0100,3348858
47 VANDALIA AVENUE,11239,VANDALIA AVENUE,VANDALIA AVENUE,5,04431,0100,3348859
77 VANDALIA AVENUE,11239,VANDALIA AVENUE,VANDALIA AVENUE,5,04431,0100,3348860
71 WAVERLY AVENUE,11205,FHA REPOSSESSED HOUSES(GROUP IX),BAISLEY PARK,2,01889,0036,3054365
71 WAVERLY AVENUE,11205,FHA REPOSSESSED HOUSES(GROUP IX),BAISLEY PARK,2,01889,0036,3054365
71 WAVERLY AVENUE,11205,FHA REPOSSESSED HOUSES(GROUP IX),BAISLEY PARK,2,01889,0036,3054365
75 WAVERLY AVENUE,11205,FHA REPOSSESSED HOUSES(GROUP IX),BAISLEY PARK,2,01889,0034,3054363
75 WAVERLY AVENUE,11205,FHA REPOSSESSED HOUSES(GROUP IX),BAISLEY PARK,2,01889,0034,3054363
75 WAVERLY AVENUE,11205,FHA REPOSSESSED HOUSES(GROUP IX),BAISLEY PARK,2,01889,0034,3054363
2292 WEST 8TH STREET,11223,MARLBORO,MARLBORO,13,07140,0016,3322172
2294 WEST 8TH STREET,11223,MARLBORO,MARLBORO,13,07140,0016,3322179
2298 WEST 8TH STREET,11223,MARLBORO,MARLBORO,13,07140,0016,3322179
2304 WEST 8TH STREET,11223,MARLBORO,MARLBORO,13,07140,0016,3322180
2326 WEST 8TH STREET,11223,MARLBORO,MARLBORO,13,07140,0016,3322181
2328 WEST 8TH STREET,11223,MARLBORO,MARLBORO,13,07140,0016,3322182
2336 WEST 8TH STREET,11223,MARLBORO,MARLBORO,13,07140,0016,3322183
2352 WEST 8TH STREET,11223,MARLBORO,MARLBORO,13,07140,0016,3322184
2218 WEST 11TH STREET,11223,MARLBORO,MARLBORO,13,07137,0001,3322156
2220 WEST 11TH STREET,11223,MARLBORO,MARLBORO,13,07137,0001,3322156
2250 WEST 11TH STREET,11223,MARLBORO,MARLBORO,13,07137,0001,3322157
2257 WEST 11TH STREET,11223,MARLBORO,MARLBORO,13,07140,0016,3322168
2295 WEST 11TH STREET,11223,MARLBORO,MARLBORO,13,07140,0016,3322169
2331 WEST 11TH STREET,11223,MARLBORO,MARLBORO,13,07140,0016,3322170
2369 WEST 11TH STREET,11223,MARLBORO,MARLBORO,13,07140,0016,3322171
2964 WEST 23RD STREET,11224,CAREY GARDENS,CAREY GARDENS,13,07056,0014,3321840
2953 WEST 24TH STREET,11224,CAREY GARDENS,CAREY GARDENS,13,07056,0014,3321839
2955 WEST 24TH STREET,11224,CAREY GARDENS,CAREY GARDENS,13,07056,0014,3321839
3018 WEST 24TH STREET,11224,HABER,CAREY GARDENS,13,07070,0001,3322050
3020 WEST 24TH STREET,11224,HABER,CAREY GARDENS,13,07070,0001,3322050
3024 WEST 24TH STREET,11224,HABER,CAREY GARDENS,13,07070,0001,3322050
3040 WEST 24TH STREET,11224,HABER,CAREY GARDENS,13,07070,0001,3322052
3058 WEST 24TH STREET,11224,HABER,CAREY GARDENS,13,07070,0001,3322052
3060 WEST 24TH STREET,11224,HABER,CAREY GARDENS,13,07070,0001,3322052
2926 WEST 25TH STREET,11224,CONEY ISLAND L(SITES 4 &amp; 5),SURESIDE GARDENS,13,07053,0014,3385303
2925 WEST 27TH STREET,11224,CONEY ISLAND I(SITES4&amp;5),SURFSIDE GARDENS,13,07053,0014,3385303
2923GAR WEST 28TH STREET,11224,CONEY ISLAND I(SITES4&amp;5),SURFSIDE GARDENS,13,07053,0014,3388343
2923 WEST 28TH STREET,11224,CONEY ISLAND I(SITES4&amp;5),SURFSIDE GARDENS,13,07053,0014,3385303
2925 WEST 28TH STREET,11224,CONEY ISLAND I(SITES4&amp;5),SURFSIDE GARDENS,13,07053,0014,3385303
2927 WEST 28TH STREET,11224,CONEY ISLAND I(SITES4&amp;5),SURFSIDE GARDENS,13,07053,0014,3385303
2943 WEST 28TH STREET,11224,CONEY ISLAND I(SITES4&amp;5),SURFSIDE GARDENS,13,07053,0014,3385303
2945 WEST 28TH STREET,11224,CONEY ISLAND I(SITES4&amp;5),SURFSIDE GARDENS,13,07053,0014,3385303
2947 WEST 28TH STREET,11224,CONEY ISLAND I(SITES4&amp;5),SURFSIDE GARDENS,13,07053,0014,3385303
2949 WEST 28TH STREET,11224,CONEY ISLAND I(SITES4&amp;5),SURFSIDE GARDENS,13,07053,0014,3385303
3028 WEST 29TH STREET,11224,CONEY ISLAND,SURFSIDE GARDENS,13,07067,0001,3322046
2820 WEST 32ND STREET,11224,SURFSIDE GARDENS,SURFSIDE GARDENS,13,07007,0001,3321616
2822 WEST 32ND STREET,11224,SURFSIDE GARDENS,SURFSIDE GARDENS,13,07007,0001,3321616
2832 WEST 32ND STREET,11224,SURFSIDE GARDENS,SURFSIDE GARDENS,13,07007,0001,3000000
2976 WEST 32ND STREET,11224,O'DWYER GARDENS,O'DWYER GARDENS,13,07048,0015,3000000
3025 WEST 32ND STREET,11224,CONEY ISLAND,SURFSIDE GARDENS,13,07067,0001,3322043
2950 WEST 35TH STREET,11224,CONEY ISLAND I (SITE8),O'DWYER GARDENS,13,07046,0022,3189511
2950 WEST 35TH STREET,11224,CONEY ISLAND I (SITE8),O'DWYER GARDENS,13,07046,0022,3189511
2971 WEST 35TH STREET,11224,O'DWYER GARDENS,O'DWYER GARDENS,13,07047,0014,3000000
925 WILLIAMS AVENUE,11207,BREUKELEN,NYC DEPT OF PARKS,18,08158,0040,
926 WILLIAMS AVENUE,11207,BREUKELEN,BREUKELEN,18,08158,0001,3331302
928 WILLIAMS AVENUE,11207,BREUKELEN,BREUKELEN,18,08158,0001,3331302
930 WILLIAMS AVENUE,11207,BREUKELEN,BREUKELEN,18,08158,0001,3331302
932 WILLIAMS AVENUE,11207,BREUKELEN,BREUKELEN,18,08158,0001,3331302
968 WILLIAMS AVENUE,11207,BREUKELEN,BREUKELEN,18,08158,0001,3331300
970 WILLIAMS AVENUE,11207,BREUKELEN,BREUKELEN,18,08158,0001,3331300
972 WILLIAMS AVENUE,11207,BREUKELEN,BREUKELEN,18,08158,0001,3331300
974 WILLIAMS AVENUE,11207,BREUKELEN,BREUKELEN,18,08158,0001,3331300
992 WILLIAMS AVENUE,11207,BREUKELEN,BREUKELEN,18,08158,0205,3321347
994 WILLIAMS AVENUE,11207,BREUKELEN,BREUKELEN,18,08158,0205,3321347
996 WILLIAMS AVENUE,11207,BREUKELEN,BREUKELEN,18,08158,0205,3321347
998 WILLIAMS AVENUE,11207,BREUKELEN,BREUKELEN,18,08158,0205,3321347
999 WILLIAMS AVENUE,11207,BREUKELEN,NYC DEPT OF PARKS,18,08158,0150,3000000
626 WYTHE PLACE,11249,TAYLOR STREET-WYTHE AVENUE,TAYLOR STREET-WYTHE AVENUE,1,02175,0070,3059901
628 WYTHE PLACE,11249,TAYLOR STREET-WYTHE AVENUE,TAYLOR STREET-WYTHE AVENUE,1,02175,0070,3059901
632 WYTHE PLACE,11249,TAYLOR STREET-WYTHE AVENUE,TAYLOR STREET-WYTHE AVENUE,1,02175,0070,3059901
634 WYTHE PLACE,11249,TAYLOR STREET-WYTHE AVENUE,TAYLOR STREET-WYTHE AVENUE,1,02175,0070,3059901
636 WYTHE PLACE,11249,TAYLOR STREET-WYTHE AVENUE,TAYLOR STREET-WYTHE AVENUE,1,02175,0070,3059901
638 WYTHE PLACE,11249,TAYLOR STREET-WYTHE AVENUE,TAYLOR STREET-WYTHE AVENUE,1,02175,0070,3059901
1345 5TH AVENUE,10029,TAFT,TAFT,11,01618,0001,1080500
1350 5TH AVENUE,10026,KING TOWERS,KING TOWERS,10,01596,0001,1083309
1365 5TH AVENUE,10029,TAFT,TAFT,11,01618,0001,1080501
1367 5TH AVENUE,10029,TAFT,TAFT,11,01618,0001,1080501
1370 5TH AVENUE,10026,KING TOWERS,KING TOWERS,10,01596,0001,1083315
1385 5TH AVENUE,10029,TAFT,TAFT,11,01618,0001,1080508
1390 5TH AVENUE,10026,KING TOWERS,KING TOWERS,10,01596,0001,1083316
2175 5TH AVENUE,10037,LINCOLN,LINCOLN,11,01757,0001,1081110
2177 5TH AVENUE,10037,LINCOLN,LINCOLN,11,01757,0001,1081110
2199 5TH AVENUE,10037,LINCOLN,LINCOLN,11,01757,0001,1081111
2201 5TH AVENUE,10037,LINCOLN,LINCOLN,11,01757,0001,1081111
2160 A C POWELL BOULEVARD,10027,SAINT NICHOLAS,NYC DEPT OF PARKS,10,01933,0001,1081506
2200 A C POWELL BOULEVARD,10027,SAINT NICHOLAS,NYC DEPT OF PARKS,10,01933,0050,1090780
2430 A C POWELL BOULEVARD,10030,DREW-HAMILTON,DREW-HAMILTON,10,02027,0025,1086083
2444 A C POWELL BOULEVARD,10030,DREW-HAMILTON,DREW-HAMILTON,10,02028,0016,1060430
2446 A C POWELL BOULEVARD,10030,DREW-HAMILTON,DREW-HAMILTON,10,02028,0016,1060430
2448 A C POWELL BOULEVARD,10030,DREW-HAMILTON,DREW-HAMILTON,10,02028,0016,1060430
2450 A C POWELL BOULEVARD,10030,DREW-HAMILTON,DREW-HAMILTON,10,02028,0016,1060430
2452 A C POWELL BOULEVARD,10030,DREW-HAMILTON,DREW-HAMILTON,10,02028,0016,1060430
2454 A C POWELL BOULEVARD,10030,DREW-HAMILTON,DREW-HAMILTON,10,02028,0016,1060430
29 AVENUE A,10009,FIRST HOUSES,LOWER EAST SIDE CONSOLIDATED,3,00430,0010,1077959
31 AVENUE A,10009,FIRST HOUSES,LOWER EAST SIDE CONSOLIDATED,3,00430,0010,1077958
33 AVENUE A,10009,FIRST HOUSES,LOWER EAST SIDE CONSOLIDATED,3,00430,0010,1077956
35 AVENUE A,10009,FIRST HOUSES,LOWER EAST SIDE CONSOLIDATED,3,00430,0010,1077956
37 AVENUE A,10009,FIRST HOUSES,LOWER EAST SIDE CONSOLIDATED,3,00430,0010,1077955
39 AVENUE A,10009,FIRST HOUSES,LOWER EAST SIDE CONSOLIDATED,3,00430,0010,1077953
41 AVENUE A,10009,FIRST HOUSES,LOWER EAST SIDE CONSOLIDATED,3,00430,0010,1077953
76 AVENUE C,10009,LOWER EAST SIDE II,LOWER EAST SIDE CONSOLIDATED,3,00375,0001,1075623
80 AVENUE C,10009,LOWER EAST SIDE II,LOWER EAST SIDE CONSOLIDATED,3,00375,0001,1075623
84 AVENUE C,10009,LOWER EAST SIDE II,LOWER EAST SIDE CONSOLIDATED,3,00375,0001,1075623
89 AVENUE C,10009,LOWER EAST SIDE REHAB(GROUP 5),LOWER EAST SIDE CONSOLIDATED,3,00389,0036,1004688
97 AVENUE C,10009,LOWER EAST SIDE REHAB(GROUP 5),LOWER EAST SIDE CONSOLIDATED,3,00389,0036,1004688
99 AVENUE C,10009,LOWER EAST SIDE REHAB(GROUP 5),LOWER EAST SIDE CONSOLIDATED,3,00389,0032,1004687
103 AVENUE C,10009,LOWER EAST SIDE REHAB(GROUP 5),LOWER EAST SIDE CONSOLIDATED,3,00389,0032,1004687
130 AVENUE C,10009,POLICE SERVICE AREA #4,NYPD HOUSING BUREAU,3,00378,0001,1075834
154 BROOME STREET,10002,SEWARD PARK EXTENSION,GOMPERS,3,00347,0080,1004158
156 BROOME STREET,10002,SEWARD PARK EXTENSION,GOMPERS,3,00347,0080,1004158
10 CATHERINE SLIP,10038,SMITH,SMITH,3,00111,0100,1077411
20 CATHERINE SLIP,10038,SMITH,SMITH,3,00111,0100,1077410
54 CATHERINE STREET,10038,SMITH,SMITH,3,00111,0100,1077421
60 CATHERINE STREET,10038,SMITH,SMITH,3,00111,0100,1077421
90 CHURCH STREET,10007,NON DEVELOPMENT FACILITY,RENTED PROPERTY,1,00086,0001,1001230
225 CLINTON STREET,10002,LA GUARDIA,LA GUARDIA,3,00256,0001,1077518
230 CLINTON STREET,10002,LA GUARDIA,LA GUARDIA,3,00258,0001,1083384
235 CLINTON STREET,10002,LA GUARDIA,LA GUARDIA,3,00256,0001,1090060
250 CLINTON STREET,10002,LA GUARDIA,LA GUARDIA,3,00258,0001,1083387
254 CLINTON STREET,10002,TWO BRIDGES URA(SITE 7),LA GUARDIA,3,00245,0001,
280 DELANCEY STREET,10002,BARUCH,BARUCH,3,00323,0001,1078039
288 DELANCEY STREET,10002,BARUCH,BARUCH,3,00323,0001,1078038
292 DELANCEY STREET,10002,BARUCH,BARUCH,3,00323,0001,1078038
294 DELANCEY STREET,10002,BARUCH,BARUCH,3,00323,0001,1078038
296 DELANCEY STREET,10002,BARUCH,BARUCH,3,00323,0001,1078037
298 DELANCEY STREET,10002,BARUCH,BARUCH,3,00323,0001,1078037
300 DELANCEY STREET,10002,BARUCH,BARUCH,3,00323,0001,1078037
308 DELANCEY STREET,10002,BARUCH,BARUCH,3,00323,0001,1083421
312 DELANCEY STREET,10002,BARUCH,BARUCH,3,00323,0001,1083421
114 EAST 3RD STREET,10009,FIRST HOUSES,LOWER EAST SIDE CONSOLIDATED,3,00430,0010,1077944
118 EAST 3RD STREET,10009,FIRST HOUSES,LOWER EAST SIDE CONSOLIDATED,3,00430,0010,1077945
126 EAST 3RD STREET,10009,FIRST HOUSES,LOWER EAST SIDE CONSOLIDATED,3,00430,0010,1077948
130 EAST 3RD STREET,10009,FIRST HOUSES,LOWER EAST SIDE CONSOLIDATED,3,00430,0010,1077949
136 EAST 3RD STREET,10009,FIRST HOUSES,LOWER EAST SIDE CONSOLIDATED,3,00430,0010,1077952
138 EAST 3RD STREET,10009,FIRST HOUSES,LOWER EAST SIDE CONSOLIDATED,3,00430,0010,1077952
251 EAST 3RD STREET,10009,BRACETTI PLAZA,LOWER EAST SIDE CONSOLIDATED,3,00386,0033,1004617
253 EAST 3RD STREET,10009,BRACETTI PLAZA,LOWER EAST SIDE CONSOLIDATED,3,00386,0033,1004617
255 EAST 3RD STREET,10009,BRACETTI PLAZA,LOWER EAST SIDE,3,00386,0033,1004617
614 EAST 5TH STREET,10009,LOWER EAST SIDE II,LOWER EAST SIDE CONSOLIDATED,3,00387,0017,1075624
620 EAST 5TH STREET,10009,LOWER EAST SIDE II,LOWER EAST SIDE CONSOLIDATED,3,00387,0020,1075625
624 EAST 5TH STREET,10009,LOWER EAST SIDE II,LOWER EAST SIDE CONSOLIDATED,3,00387,0020,1075625
628 EAST 5TH STREET,10009,LOWER EAST SIDE II,LOWER EAST SIDE CONSOLIDATED,3,00387,0020,1075625
632 EAST 5TH STREET,10009,LOWER EAST SIDE II,LOWER EAST SIDE CONSOLIDATED,3,00387,0020,1075625
636 EAST 5TH STREET,10009,LOWER EAST SIDE II,LOWER EAST SIDE CONSOLIDATED,3,00387,0020,1075625
637 EAST 5TH STREET,10009,LOWER EAST SIDE II,LOWER EAST SIDE CONSOLIDATED,3,00387,0144,1075627
640 EAST 5TH STREET,10009,LOWER EAST SIDE II,LOWER EAST SIDE CONSOLIDATED,3,00387,0020,1075625
641 EAST 5TH STREET,10009,LOWER EAST SIDE II,LOWER EAST SIDE CONSOLIDATED,3,00387,0144,1075627
644 EAST 5TH STREET,10009,LOWER EAST SIDE II,LOWER EAST SIDE CONSOLIDATED,3,00387,0033,1087354
645 EAST 5TH STREET,10009,LOWER EAST SIDE II,LOWER EAST SIDE CONSOLIDATED,3,00387,0144,1075627
649 EAST 5TH STREET,10009,LOWER EAST SIDE II,LOWER EAST SIDE CONSOLIDATED,3,00387,0144,1075627
705 EAST 5TH STREET,10009,LOWER EAST SIDE II,LOWER EAST SIDE CONSOLIDATED,3,00375,0001,1075623
709 EAST 5TH STREET,10009,LOWER EAST SIDE II,LOWER EAST SIDE CONSOLIDATED,3,00375,0063,1075622
713 EAST 5TH STREET,10009,LOWER EAST SIDE II,LOWER EAST SIDE CONSOLIDATED,3,00375,0063,1075622
721 EAST 5TH STREET,10009,LOWER EAST SIDE II,LOWER EAST SIDE CONSOLIDATED,3,00375,0045,1075621
725 EAST 5TH STREET,10009,LOWER EAST SIDE II,LOWER EAST SIDE CONSOLIDATED,3,00375,0045,1075621
729 EAST 5TH STREET,10009,LOWER EAST SIDE II,LOWER EAST SIDE CONSOLIDATED,3,00375,0045,1075621
733 EAST 5TH STREET,10009,LOWER EAST SIDE II,LOWER EAST SIDE CONSOLIDATED,3,00375,0045,1075621
737 EAST 5TH STREET,10009,LOWER EAST SIDE II,LOWER EAST SIDE CONSOLIDATED,3,00375,0045,1075621
741 EAST 5TH STREET,10009,LOWER EAST SIDE II,LOWER EAST SIDE CONSOLIDATED,3,00375,0045,1075621
745 EAST 6TH STREET,10009,LOWER EAST SIDE II,LOWER EAST SIDE CONSOLIDATED,3,00375,.0045,1075621
639 EAST 6TH STREET,10009,LOWER EAST SIDE REHAB (GROUP 5),LOWER EAST SIDE CONSOLIDATED,3,00389,.0041,1000000
640 EAST 6TH STREET,10009,LOWER EAST SIDE II,LOWER EAST SIDE CONSOLIDATED,3,00387,.0129,1084354
641 EAST 6TH STREET,10009,LOWER EAST SIDE REHAB (GROUP 5),LOWER EAST SIDE CONSOLIDATED,3,00389,.0040,1000000
643 EAST 6TH STREET,10009,LOWER EAST SIDE REHAB (GROUP 5),LOWER EAST SIDE CONSOLIDATED,3,00389,.0038,1004689
644 EAST 6TH STREET,10009,LOWER EAST SIDE II,LOWER EAST SIDE CONSOLIDATED,3,00387,.0131,1084636
704 EAST 6TH STREET,10009,LOWER EAST SIDE II,LOWER EAST SIDE CONSOLIDATED,3,00375,.0001,1075623
708 EAST 6TH STREET,10009,LOWER EAST SIDE II,LOWER EAST SIDE CONSOLIDATED,3,00375,.0001,1075623
712 EAST 6TH STREET,10009,LOWER EAST SIDE II,LOWER EAST SIDE CONSOLIDATED,3,00375,.0001,1075623
716 EAST 6TH STREET,10009,LOWER EAST SIDE II,LOWER EAST SIDE CONSOLIDATED,3,00375,.0001,1075623
720 EAST 6TH STREET,10009,LOWER EAST SIDE II,LOWER EAST SIDE CONSOLIDATED,3,00375,.0001,1075623
724 EAST 6TH STREET,10009,LOWER EAST SIDE II,LOWER EAST SIDE CONSOLIDATED,3,00375,.0001,1075623
728 EAST 6TH STREET,10009,LOWER EAST SIDE II,LOWER EAST SIDE CONSOLIDATED,3,00375,.0001,1075623
732 EAST 6TH STREET,10009,LOWER EAST SIDE II,LOWER EAST SIDE CONSOLIDATED,3,00375,.0001,1075623
748 EAST 6TH STREET,10009,LOWER EAST SIDE II,LOWER EAST SIDE CONSOLIDATED,3,00375,.0033,1000000
750 EAST 6TH STREET,10009,LOWER EAST SIDE II,LOWER EAST SIDE CONSOLIDATED,3,00375,.0034,1000000
752 EAST 6TH STREET,10009,LOWER EAST SIDE II,LOWER EAST SIDE CONSOLIDATED,3,00375,.0035,1000000
807 EAST 6TH STREET,10009,RIIS II,RIIS,3,00362,.0001,1077552
809 EAST 6TH STREET,10009,RIIS II,RIIS,3,00362,.0001,1077552
714 EAST 9TH STREET,10009,POLICE SERVICE AREA #4,NYPD HOUSING BUREAU,3,00378,0001,1075834
716 EAST 9TH STREET,10009,POLICE SERVICE AREA #4,NYPD HOUSING BUREAU,3,00378,0001,1075834
718 EAST 9TH STREET,10009,POLICE SERVICE AREA #4,NYPD HOUSING BUREAU,3,00378,0001,1075834
722 EAST 9TH STREET,10009,LOWER EAST SIDE III,KRAUS MANAGEMENT(PRIVATE-M/B1),3,00378,0017,1084876
734A EAST 9TH STREET,10009,LOWER EAST SIDE III,KRAUS MANAGEMENT(PRIVATE-M/B1),3,00378,0017,1088343
740 EAST 9TH STREET,10009,LOWER EAST SIDE III,KRAUS MANAGEMENT(PRIVATE-M/B1),3,00378,0017,1084876
341 EAST 70TH STREET,10021,ROBBINS PLAZA,ISAACS,8,01445,0023,1044841
343 EAST 70TH STREET,10021,ROBBINS PLAZA,ISAACS,8,01445,0023,1044841
405 EAST 92ND STREET,10128,HOLMES TOWERS,ISAACS,8,01573,0020,1085246
437 EAST 92ND STREET,10128,HOLMES TOWERS,ISAACS,8,01573,0020,1085246
219 EAST 97TH STREET,10029,WASHINGTON,WASHINGTON,11,01647,0001,1079202
115 EAST 98TH STREET,10029,LEXINGTON,WASHINGTON,11,01626,0001,1078911
183 EAST 98TH STREET,10029,LEXINGTON,WASHINGTON,11,01626,0021,1082320
185 EAST 98TH STREET,10029,LEXINGTON,WASHINGTON,11,01626,0021,1082320
187 EAST 98TH STREET,10029,LEXINGTON,WASHINGTON,11,01626,0021,1082320
55 EAST 99TH STREET,10029,CARVER,CARVER,11,01605,0024,1082312
65 EAST 99TH STREET,10029,CARVER,CARVER,11,01605,0024,1082313
110 EAST 99TH STREET,10029,LEXINGTON,WASHINGTON,11,01626,0001,1078911
205 EAST 99TH STREET,10029,WASHINGTON,NYC DEPT OF PARKS,11,01649,0001,1083463
216 EAST 99TH STREET,10029,WASHINGTON,WASHINGTON,11,01647,0001,1082345
225 EAST 99TH STREET,10029,WASHINGTON,WASHINGTON,11,01649,0001,1074265
445 EAST 102ND STREET,10029,EAST RIVER,EAST RIVER,11,01696,0001,1083942
451 EAST 102ND STREET,10029,EAST RIVER,EAST RIVER,11,01696,0001,1083942
453 EAST 102ND STREET,10029,EAST RIVER,EAST RIVER,11,01696,0001,1083942
455 EAST 102ND STREET,10029,EAST RIVER,EAST RIVER,11,01696,0001,1083942
450 EAST 103RD STREET,10029,EAST RIVER,NYC DEPT OF PARKS,0,01696,0100,
107 EAST 105TH STREET,10029,CLINTON,CLINTON,11,01633,0001,1051990
400 EAST 105TH STREET,10029,EAST RIVER,EAST RIVER,11,01696,0001,1083941
402 EAST 105TH STREET,10029,EAST RIVER,EAST RIVER,11,01696,0001,1083941
404 EAST 105TH STREET,10029,EAST RIVER,EAST RIVER,11,01696,0001,1083941
405 EAST 105TH STREET,10029,WILSON,WILSON,11,01699,0001,1079367
407 EAST 105TH STREET,10029,WILSON,WILSON,11,01699,0001,1079367
410 EAST 105TH STREET,10029,EAST RIVER,EAST RIVER,11,01696,0001,1083946
414 EAST 105TH STREET,10029,EAST RIVER,EAST RIVER,11,01696,0001,1083946
416 EAST 105TH STREET,10029,EAST RIVER,EAST RIVER,11,01696,0001,1083946
418 EAST 105TH STREET,10029,EAST RIVER,EAST RIVER,11,01696,0001,1083946
420 EAST 105TH STREET,10029,EAST RIVER,EAST RIVER,11,01696,0001,1083946
425 EAST 105TH STREET,10029,WILSON,WILSON,11,01699,0001,1079368
430 EAST 105TH STREET,10029,EAST RIVER,EAST RIVER,11,01696,0001,1083947
432 EAST 105TH STREET,10029,EAST RIVER,EAST RIVER,11,01696,0001,1083947
434 EAST 105TH STREET,10029,EAST RIVER,EAST RIVER,11,01696,0001,1083947
435 EAST 105TH STREET,10029,WILSON,WILSON,11,01699,0001,1079369
440 EAST 105TH STREET,10029,EAST RIVER,EAST RIVER,11,01696,0001,1083949
442 EAST 105TH STREET,10029,EAST RIVER,EAST RIVER,11,01696,0001,1083950
444 EAST 105TH STREET,10029,EAST RIVER,EAST RIVER,11,01696,0001,1083950
446 EAST 105TH STREET,10029,EAST RIVER,EAST RIVER,11,01696,0001,1083950
448 EAST 105TH STREET,10029,EAST RIVER,EAST RIVER,11,01696,0001,1083950
110 EAST 109TH STREET,10029,CLINTON,CLINTON,11,01636,0001,1078924
80 EAST 110TH STREET,10029,LEHMAN VILLAGE,LEHMAN VILLAGE,11,01615,0023,1078868
82 EAST 110TH STREET,10029,LEHMAN VILLAGE,LEHMAN VILLAGE,11,01615,0023,1078868
120 EAST 110TH STREET,10029,CLINTON,CLINTON,11,01637,0001,1078931
70 EAST 115TH STREET,10029,TAFT,TAFT,11,01620,0023,1080643
130 EAST 115TH STREET,10029,JOHNSON,JOHNSON,11,01640,0001,1079198
210 EAST 115TH STREET,10029,JEFFERSON,JEFFERSON,11,01662,0001,1080705
218 EAST 115TH STREET,10029,JEFFERSON,JEFFERSON,11,01662,0001,1080706
220 EAST 115TH STREET,10029,JEFFERSON,JEFFERSON,11,01662,0001,1080706
228 EAST 115TH STREET,10029,JEFFERSON,JEFFERSON,11,01662,0001,1080707
230 EAST 115TH STREET,10029,JEFFERSON,JEFFERSON,11,01662,0001,1080707
300 EAST 115TH STREET,10029,JEFFERSON,JEFFERSON,11,01684,0001,1081086
310 EAST 115TH STREET,10029,JEFFERSON,JEFFERSON,11,01684,0001,1081086
310G AR EAST 115TH STREET,10029,JEFFERSON,JEFFERSON,11,01684,0001,1081087
320 EAST 115TH STREET,10029,JEFFERSON,JEFFERSON,11,01684,0001,1081088
322 EAST 115TH STREET,10029,JEFFERSON,JEFFERSON,11,01684,0001,1081088
330 EAST 115TH STREET,10029,JEFFERSON,JEFFERSON,11,01684,0001,1081089
332 EAST 115TH STREET,10029,JEFFERSON,JEFFERSON,11,01684,0001,1081089
435 EAST 120TH STREET,10035,WAGNER,WAGNER,11,01808,0001,1081287
445 EAST 120TH STREET,10035,WAGNER,WAGNER,11,01808,0001,1081287
451 EAST 120TH STREET,10035,WAGNER,WAGNER,11,01808,0001,1081290
505 EAST 120TH STREET,10035,WAGNER,WAGNER,11,01808,0001,1081286
60 EAST 135TH STREET,10037,LINCOLN,LINCOLN,11,01757,0020,1081120
2981 FREDERICK DOUGLASS BOULEVARD,10039,POLO GROUNDS TOWERS,POLO GROUNDS TOWERS,10,02106,0003,1084520
2981A FREDERICK DOUGLASS BOULEVARD,10039,POLO GROUNDS TOWERS,POLO GROUNDS TOWERS,10,02106,0003,1087107
2987 FREDERICK DOUGLASS BOULEVARD,10039,POLO GROUNDS TOWERS,POLO GROUNDS TOWERS,10,02106,0050,1082090
2989 FREDERICK DOUGLASS BOULEVARD,10039,POLO GROUNDS TOWERS,POLO GROUNDS TOWERS,10,02106,0003,1084521
2991 FREDERICK DOUGLASS BOULEVARD,10039,POLO GROUNDS TOWERS,POLO GROUNDS TOWERS,10,02106,0003,1084521
2993 FREDERICK DOUGLASS BOULEVARD,10039,POLO GROUNDS TOWERS,POLO GROUNDS TOWERS,10,02106,0003,1084521
2995 FREDERICK DOUGLASS BOULEVARD,10039,POLO GROUNDS TOWERS,POLO GROUNDS TOWERS,10,02106,0003,1084521
2997 FREDERICK DOUGLASS BOULEVARD,10039,POLO GROUNDS TOWERS,POLO GROUNDS TOWERS,10,02106,0003,1084521
2999GAR FREDERICK DOUGLASS BOULEVARD,10039,POLO GROUNDS TOWERS,POLO GROUNDS TOWERS,10,02106,0003,1087108
2999 FREDERICK DOUGLASS BOULEVARD,10039,POLO GROUNDS TOWERS,POLO GROUNDS TOWERS,10,02106,0003,1084521
3005 FREDERICK DOUGLASS BOULEVARD,10039,POLO GROUNDS TOWERS,POLO GROUNDS TOWERS,10,02106,0003,1088672
32 JACKSON STREET,10002,VLADECK II,VLADECK,3,00263,0001,1083397
35 JACKSON STREET,10002,VLADECK,VLADECK,3,00260,0075,1083395
40 JACKSON STREET,10002,VLADECK II,VLADECK,3,00263,0001,1083398
44 JACKSON STREET,10002,VLADECK II,VLADECK,3,00263,0001,1083398
45 JACKSON STREET,10002,VLADECK,VLADECK,3,00260,0075,1083395
55 JACKSON STREET,10002,VLADECK,VLADECK,3,00260,0075,1083392
61 JACKSON STREET,10002,VLADECK,VLADECK,3,00260,0075,1083392
65 JEFFERSON STREET,10002,LA GUARDIA,LA GUARDIA,3,00256,0001,1077516
55 LA SALLE STREET,10027,GRANT,GRANT,9,01980,0001,1084116
65 LA SALLE STREET,10027,GRANT,GRANT,9,01980,0001,1084119
75 LA SALLE STREET,10027,GRANT,GRANT,9,01980,0001,1084119
50 LENOX AVENUE,10026,KING TOWERS,KING TOWERS,10,01596,0001,1083312
70 LENOX AVENUE,10026,KING TOWERS,KING TOWERS,10,01596,0001,1083314
90 LENOX AVENUE,10026,KING TOWERS,KING TOWERS,10,01596,0001,1083313
450 LILLIAN WALD DRIVE,10009,WALD,WALD,3,00356,0001,1085575
2110 MADISON AVENUE,10037,LINCOLN,LINCOLN,11,01757,0001,1081115
2112 MADISON AVENUE,10037,LINCOLN,LINCOLN,11,01757,0001,1081115
2120 MADISON AVENUE,10037,LINCOLN,LINCOLN,11,01757,0001,1081116
2121 MADISON AVENUE,10037,LINCOLN,LINCOLN,11,01757,0020,1081123
2123 MADISON AVENUE,10037,LINCOLN,LINCOLN,11,01757,0020,1081123
2130 MADISON AVENUE,10037,LINCOLN,LINCOLN,11,01757,0001,1081114
2133 MADISON AVENUE,10037,LINCOLN,LINCOLN,11,01757,0020,1081122
2135 MADISON AVENUE,10037,LINCOLN,LINCOLN,11,01757,0020,1081122
2140 MADISON AVENUE,10037,LINCOLN,LINCOLN,11,01757,0001,1081113
2142 MADISON AVENUE,10037,LINCOLN,LINCOLN,11,01757,0001,1081112
2144 MADISON AVENUE,10037,LINCOLN,LINCOLN,11,01757,0001,1081112
2146 MADISON AVENUE,10037,LINCOLN,LINCOLN,11,01757,0001,1081112
2150 MADISON AVENUE,10037,LINCOLN,LINCOLN,11,01757,0001,1081112
2155 MADISON AVENUE,10037,LINCOLN,LINCOLN,11,01757,0020,1081121
10 PALADINO AVENUE,10035,WAGNER,WAGNER,11,01808,0001,1081296
20 PALADINO AVENUE,10035,WAGNER,WAGNER,11,01808,0001,1081295
30 PALADINO AVENUE,10035,WAGNER,WAGNER,11,01808,0001,1081294
40 PALADINO AVENUE,10035,WAGNER,WAGNER,11,01808,0001,1081293
50 PALADINO AVENUE,10035,WAGNER,WAGNER,11,01808,0001,1081290
60 PALADINO AVENUE,10035,WAGNER,WAGNER,11,01808,0001,1081289
70 PALADINO AVENUE,10035,WAGNER,WAGNER,11,01808,0001,1081288
80 PALADINO AVENUE,10035,WAGNER,WAGNER,11,01808,0001,1081284
90 PALADINO AVENUE,10035,WAGNER,WAGNER,11,01808,0001,1081285
1326 PARK AVENUE,10029,CARVER,CARVER,11,01605,0024,1079192
1330 PARK AVENUE,10029,CARVER,CARVER,11,01605,0024,1079192
1404 PARK AVENUE,10029,CARVER,CARVER,11,01610,0023,1078839
1405 PARK AVENUE,10029,CLINTON,CLINTON,11,01632,0001,1051954
1407 PARK AVENUE,10029,CLINTON,CLINTON,11,01632,0001,1051954
1410 PARK AVENUE,10029,CARVER,CARVER,11,01610,0023,1078839
1485 PARK AVENUE,10029,CLINTON,CLINTON,11,01636,0001,1078924
1487 PARK AVENUE,10029,CLINTON,CLINTON,11,01636,0001,1078924
1505 PARK AVENUE,10029,CLINTON,CLINTON,11,01637,0001,1078929
1507 PARK AVENUE,10029,CLINTON,CLINTON,11,01637,0001,1078929
1565 PARK AVENUE,10029,JOHNSON,JOHNSON,11,01640,0001,1079194
1581 PARK AVENUE,10029,JOHNSON,JOHNSON,11,01640,0001,1079196
1591 PARK AVENUE,10029,JOHNSON,JOHNSON,11,01640,0001,1079199
1611 PARK AVENUE,10029,JOHNSON,JOHNSON,11,01640,0001,1079198
1960 PARK AVENUE,10037,LINCOLN,LINCOLN,11,01757,0020,1081118
1980 PARK AVENUE,10037,LINCOLN,LINCOLN,11,01757,0020,1081119
77 STANTON STREET,10002,LOWER EAST SIDE I INFILL,GOMPERS,3,00416,0001,1077637
189 STANTON STREET,10002,STANTON STREET,KRAUS MANAGEMENT (PRIVATE-MR.1),3,00344,0010,1087345
401 WEST 16TH STREET,10011,FULTON,FULTON,4,00714,0031,1078408
413 WEST 16TH STREET,10011,FULTON,FULTON,4,00714,0031,1078408
400 WEST 19TH STREET,10011,FULTON,FULTON,4,00716,0017,1078444
401 WEST 19TH STREET,10011,FULTON,FULTON,4,00717,0019,1012576
412 WEST 19TH STREET,10011,FULTON,FULTON,4,00716,0017,1078444
419 WEST 19TH STREET,10011,FULTON,FULTON,4,00717,0019,1012576
420 WEST 19TH STREET,10011,FULTON,FULTON,4,00716,0017,1078445
422 WEST 19TH STREET,10011,FULTON,FULTON,4,00716,0017,1078445
426 WEST 27TH DRIVE,10001,ELLIOTT,CHELSEA,4,00724,0015,1012828
436 WEST 27TH DRIVE,10001,CHELSEA ADDITION,CHELSEA,4,00724,0010,1012827
450 WEST 27TH DRIVE,10001,ELLIOTT,CHELSEA,4,00724,0001,1083582
525 WEST 55TH STREET,10019,HARBORVIEW TERRACE,AMSTERDAM,4,01084,0009,1027061
530 WEST 55TH STREET,10019,HARBORVIEW TERRACE,AMSTERDAM,4,01083,0015,1027059
535 WEST 55TH STREET,10019,HARBORVIEW TERRACE,AMSTERDAM,4,01084,0009,1027061
520 WEST 56TH STREET,10019,HARBORVIEW TERRACE,AMSTERDAM,4,01084,0009,1027061
536 WEST 56TH STREET,10019,HARBORVIEW TERRACE,AMSTERDAM,4,01084,0009,1027061
247 WEST 61ST DRIVE,10023,AMSTERDAM,AMSTERDAM,7,01154,0101,1082585
250 WEST 61ST DRIVE,10023,AMSTERDAM,AMSTERDAM,7,01154,0101,1082584
205 WEST 61ST STREET,10023,AMSTERDAM,AMSTERDAM,7,01154,0101,1081771
249 WEST 61ST STREET,10023,AMSTERDAM,AMSTERDAM,7,01154,0101,1082584
152 WEST 84TH STREET,10024,154 WEST 84TH STREET,KRAUS MANAGEMENT (PRIVATE-M/B 1),7,01214,0055,1084672
154 WEST 84TH STREET,10024,154 WEST 84TH STREET,KRAUS MANAGEMENT (PRIVATE-M/B 1),7,01214,0055,1084672
156 WEST 84TH STREET,10024,154 WEST 84TH STREET,KRAUS MANAGEMENT (PRIVATE-M/B 1),7,01214,0055,1084672
47 WEST 89TH STREET,10024,WSUR(BROWNSTONES),DE HOSTOS APARTMENTS,7,01203,0013,1031552
49 WEST 89TH STREET,10024,WSUR(BROWNSTONES),DE HOSTOS APARTMENTS,7,01203,0013,1085068
51 WEST 89TH STREET,10024,WSUR(BROWNSTONES),DE HOSTOS APARTMENTS,7,01203,0013,1085069
70 WEST 91ST STREET,10024,WSUR(BROWNSTONES),DE HOSTOS APARTMENTS,7,01204,0056,1085075
102 WEST 91ST STREET,10024,THOMAS APARTMENTS,DE HOSTOS APARTMENTS,7,01221,0038,1077231
55 WEST 100TH STREET,10025,DOUGLASS I,DOUGLASS,7,01836,0001,1081297
241 WEST 101ST STREET,10025,REHAB PROGRAM(DOUGLASS REHABS),KRAUS MANAGEMENT(PRIVATE-,7,01873,0009,1056503
74 WEST 103RD STREET,10025,DOUGLASS I,DOUGLASS,7,01836,0001,1081302
76 WEST 103RD STREET,10025,DOUGLASS I,DOUGLASS,7,01836,0001,1081302
239 WEST 103RD STREET,10025,REHAB PROGRAM (DOUGLASS REHABS),KRAUS MANAGEMENT(PRIVATE-M/B1),7,01875,0009,1056561
241 WEST 103RD STREET,10025,REHAB PROGRAM (DOUGLASS REHABS),KRAUS MANAGEMENT(PRIVATE-M/B1),7,01875,0005,1079469
243 WEST 103RD STREET,10025,REHAB PROGRAM (DOUGLASS REHABS),KRAUS MANAGEMENT(PRIVATE-M/B1),7,01875,0005,1079470
245 WEST 103RD STREET,10025,REHAB PROGRAM (DOUGLASS REHABS),KRAUS MANAGEMENT(PRIVATE-M/B1),7,01875,0005,1079471
247 WEST 103RD STREET,10025,REHAB PROGRAM (DOUGLASS REHABS),KRAUS MANAGEMENT(PRIVATE-M/B1),7,01875,0005,1079472
249 WEST 103RD STREET,10025,REHAB PROGRAM (DOUGLASS REHABS),KRAUS MANAGEMENT(PRIVATE-M/B1),7,01875,0005,1079473
251 WEST 103RD STREET,10025,REHAB PROGRAM (DOUGLASS REHABS),KRAUS MANAGEMENT(PRIVATE-M/B1),7,01875,0005,1079474
60 WEST 104TH STREET,10025,DOUGLASS I,DOUGLASS,7,01836,0001,1083820
110 WEST 104TH STREET,10025,DOUGLASS I,DOUGLASS,7,01855,0001,1079388
120 WEST 104TH STREET,10025,DOUGLASS I,DOUGLASS,7,01855,0001,1079388
140 WEST 104TH STREET,10025,DOUGLASS II,DOUGLASS,7,01855,0001,1079419
244 WEST 104TH STREET,10025,REHAB PROGRAM (DOUGLASS REHABS),KRAUS MANAGEMENT(PRIVATE-M/B.1),7,01875,0057,1056577
1 WEST 112TH STREET,10026,KING TOWERS,KING TOWERS,10,01596,0001,1083309
21 WEST 112TH STREET,10026,KING TOWERS,KING TOWERS,10,01596,0001,1083310
41 WEST 112TH STREET,10026,KING TOWERS,KING TOWERS,10,01596,0001,1083311
71 WEST 112TH STREET,10026,KING TOWERS,KING TOWERS,10,01596,0001,1083312
261 WEST 113TH STREET,10026,KING TOWERS,KING TOWERS,10,01829,0111,1000000
261 WEST 113TH STREET,10026,RANDOLPH SOUTH,WAVECREST MANAGEMENT,10,01829,0111,
2 WEST 115TH STREET,10026,KING TOWERS,KING TOWERS,10,01596,0001,1083316
20 WEST 115TH STREET,10026,KING TOWERS,KING TOWERS,10,01596,0001,1083317
40 WEST 115TH STREET,10026,KING TOWERS,KING TOWERS,10,01596,0001,1083318
70 WEST 115TH STREET,10026,KING TOWERS,KING TOWERS,10,01596,0001,1083313
270 WEST 115TH STREET,10026,KING TOWERS,KING TOWERS,10,01830,0056,1000000
270 WEST 115TH STREET,10026,RANDOLPH NORTH,WAVECREST MANAGEMENT,10,01830,0056,1000000
214 WEST 114TH STREET,10026,RANDOLPH SOUTH,WAVECREST MANAGEMENT,10,01830,0019,1000000
234 WEST 114TH STREET,10026,RANDOLPH SOUTH,WAVECREST MANAGEMENT,10,01830,0019,1000000
430 WEST 125TH STREET,10027,GRANT,GRANT,9,01964,0001,1084094
510G AR WEST 125TH STREET,10027,GRANT,GRANT,9,01980,0001,1084120
27-10 8TH STREET,11102,ASTORIA,ASTORIA,1,00490,0101,4430777
28-02 8TH STREET,11102,ASTORIA,ASTORIA,1,00490,0101,4430778
41-10 12TH STREET,11101,QUEENSBRIDGE SOUTH,QUEENSBRIDGE SOUTH,1,00465,0001,4433418
41-11 12TH STREET,11101,QUEENSBRIDGE SOUTH,QUEENSBRIDGE SOUTH,1,00465,0001,4433419
41-12 12TH STREET,11101,QUEENSBRIDGE SOUTH,QUEENSBRIDGE SOUTH,1,00465,0001,4433420
41-13 12TH STREET,11101,QUEENSBRIDGE SOUTH,QUEENSBRIDGE SOUTH,1,00465,0001,4595556
41-14 12TH STREET,11101,QUEENSBRIDGE SOUTH,QUEENSBRIDGE SOUTH,1,00465,0001,4433422
41-15 12TH STREET,11101,QUEENSBRIDGE SOUTH,QUEENSBRIDGE SOUTH,1,00465,0001,4433421
41-16 12TH STREET,11101,QUEENSBRIDGE SOUTH,QUEENSBRIDGE SOUTH,1,00465,0001,4595557
125-01 22ND AVENUE,11356,REHAB PROGRAM(COLLEGE POINT),LATIMER GARDENS,7,04170,0001,4099269
12-15 36TH AVENUE,11106,RAVENSWOOD,RAVENSWOOD,1,00332,0002,4430687
14-01 36TH AVENUE,11106,RAVENSWOOD,RAVENSWOOD,1,00332,0002,4430696
22-01 36TH AVENUE,11106,RAVENSWOOD,RAVENSWOOD,1,00335,0002,4430706
23-03 36TH AVENUE,11106,RAVENSWOOD,RAVENSWOOD,1,00335,0002,4430716
10-20 41ST ROAD,11101,QUEENSBRIDGE SOUTH,NYC DEPT OF PARKS,1,00465,0001,
24-02 49TH AVENUE,11101,NON DEVELOPMENT FACILITY,RENTED PROPERTY,2,00071,7501,4000542
31-90 51ST STREET,11377,WOODSIDE,WOODSIDE,1,00738,0050,4430908
32-20 51ST STREET,11377,WOODSIDE,WOODSIDE,1,00736,0002,4430992
154-01 71ST AVENUE,11367,POMONOK,POMONOK,8,06792,0001,4451584
154-05 71ST AVENUE,11367,POMONOK,POMONOK,8,06792,0001,4451585
155-01 71ST AVENUE,11367,POMONOK,POMONOK,8,06792,0001,4451585
155-05 71ST AVENUE,11367,POMONOK,POMONOK,8,06792,0001,4451594
155-07 71ST AVENUE,11367,POMONOK,POMONOK,8,06792,0001,4451594
155-09 71ST AVENUE,11367,POMONOK,POMONOK,8,06792,0001,4451594
155-11 71ST AVENUE,11367,POMONOK,POMONOK,8,06792,0050,4451587
155-15 71ST AVENUE,11367,POMONOK,POMONOK,8,06792,0050,4451587
156-03 71ST AVENUE,11367,POMONOK,POMONOK,8,06792,0001,4451586
156-07 71ST AVENUE,11367,POMONOK,POMONOK,8,06792,0001,4451586
156-15 71ST AVENUE,11367,POMONOK,POMONOK,8,06792,0001,4451588
156-17 71ST AVENUE,11367,POMONOK,POMONOK,8,06792,0001,4451588
138-20 102ND AVENUE,11435,FHA REPOSSESSED HOUSES(GROUPX),BAISLEY PARK,12,10019,0011,4214395
219-30 102ND AVENUE,11429,FHA REPOSSESSED HOUSES(GROUPV),BAISLEY PARK,13,10772,0021,4230889
159-04 107TH AVENUE,11433,SOUTH JAMAICA I,SOUTH JAMAICA I,12,10125,0033,4440736
159-11 107TH AVENUE,11433,SOUTH JAMAICA II,SOUTH JAMAICA I,12,10127,0001,4451839
159-02 109TH AVENUE,11433,SOUTH JAMAICA II,SOUTH JAMAICA I,12,12148,0100,4435249
159-05 109TH AVENUE,11433,SOUTH JAMAICA II,SOUTH JAMAICA I,12,10148,0001,4457482
159-06 109TH AVENUE,11433,SOUTH JAMAICA II,SOUTH JAMAICA I,12,12148,0100,4435249
159-10 109TH AVENUE,11433,SOUTH JAMAICA II,SOUTH JAMAICA I,12,12148,0100,4435249
139-10 109TH ROAD,11435,FHA REPOSSESSED HOUSES(GROUP VIII),BAISLEY PARK,12,11925,0082,4257705
190-15 109TH ROAD,11412,FHA REPOSSESSED HOUSES(GROUP V),BAISLEY PARK,12,10923,0027,4233814
159-01 110TH AVENUE,11433,SOUTH JAMAICA II,SOUTH JAMAICA I,12,12148,0100,4435246
217-09 110TH AVENUE,11429,FHA REPOSSESSED HOUSES (GROUP X),BAISLEY PARK,13,11120,0001,4239649
205-20 112TH AVENUE,11412,FHA REPOSSESSED HOUSES(GROUP V),BAISLEY PARK,12,10981,0139,4235431
209-47 112TH AVENUE,11429,FHA REPOSSESSED HOUSES(GROUP III),BAISLEY PARK,13,11124,0053,4239793
215-32 112TH AVENUE,11429,FHA REPOSSESSED HOUSES(GROUP II),BAISLEY PARK,13,11141,0070,4240276
174-16 111TH AVENUE,11433,FHA REPOSSESSED HOUSES(GROUP X),BAISLEY PARK,12,10284,0018,4219320
190-18 119TH AVENUE,11412,FHA REPOSSESSED HOUSES(GROUP IV),BAISLEY PARK,12,12646,0009,4272514
218-34 119TH AVENUE,11411,FHA REPOSSESSED HOUSES(GROUP I),BAISLEY PARK,13,12778,0124,4275402
134-17 120TH AVENUE,11420,FHA REPOSSESSED HOUSES(GROUP V),BAISLEY PARK,10,11698,0035,4253141
191-18 120TH AVENUE,11412,FHA REPOSSESSED HOUSES(GROUP X),BAISLEY PARK,12,12670,0008,4273109
174-36 126TH AVENUE,11434,FHA REPOSSESSED HOUSES(GROUP V),BAISLEY PARK,12,12522,0108,4270211
109-33 130TH STREET,11420,FHA REPOSSESSED HOUSES (GROUP VIII),BAISLEY PARK,10,11610,0057,4249866
107-27 132ND STREET,11419,FHA REPOSSESSED HOUSES(GROUP IV),BAISLEY PARK,10,09612,0068,4206186
129-37 132ND STREET,11420,FHA REPOSSESSED HOUSES(GROUP VII),BAISLEY PARK,10,11771,0045,4255548
148-06 133RD AVENUE,11436,FHA REPOSSESSED HOUSES (GROUP III),BAISLEY PARK,12,12115,0033,4263065
117-22 133RD STREET,11420,FHA REPOSSESSED HOUSES(GROUP I),BAISLEY PARK,10,11696,0016,4253069
124-18 135TH PLACE,11420,FHA REPOSSESSED HOUSES(GROUP V),BAISLEY PARK,10,11759,0055,4255191
131-27 135TH PLACE,11420,FHA REPOSSESSED HOUSES(GROUP X),BAISLEY PARK,10,11781,0285,4255943
131-41 135TH PLACE,11420,FHA REPOSSESSED HOUSES(GROUP V),BAISLEY PARK,10,11781,0292,4255950
115-21 135TH STREET,11420,FHA REPOSSESSED HOUSES (GROUP III),BAISLEY PARK,10,11678,0060,4252578
114-42 139TH STREET,11436,FHA REPOSSESSED HOUSES(GROUP II),BAISLEY PARK,12,11968,0050,4259063
129-04 142ND STREET,11436,FHA REPOSSESSED HOUSES(GROUP II),BAISLEY PARK,12,12058,0205,4261836
129-04 142ND STREET,11436,FHA REPOSSESSED HOUSES(GROUP II),BAISLEY PARK,12,12058,0205,4261836
73-9 143RD ROAD,11434,FHA REPOSSESSED HOUSES (GROUP IX),BAISLEY PARK,12,12591,0227,4271139
111-37 144TH STREET,11435,FHA REPOSSESSED HOUSES (GROUP X),BAISLEY PARK,12,11960,0020,4258656
111-19 196TH STREET,11412,FHA REPOSSESSED HOUSES(GROUP VIII),BAISLEY PARK,12,10954,0041,4234652
113-14 196TH STREET,11412,FHA REPOSSESSED HOUSES(GROUP II),BAISLEY PARK,12,10989,0105,4235712
118-22 197TH STREET,11412,FHA REPOSSESSED HOUSES (GROUP VIII),BAISLEY PARK,12,12621,0018,4271815
118-15 199TH STREET,11412,FHA REPOSSESSED HOUSES (GROUP VII),BAISLEY PARK,12,12624,0061,4271942
113-30 200TH STREET,11412,FHA REPOSSESSED HOUSES(GROUP V),BAISLEY PARK,12,10994,0020,4235837
114-42 200TH STREET,11412,FHA REPOSSESSED HOUSES(GROUP VII),BAISLEY PARK,12,11016,0026,4236634
104-33 203RD STREET,11412,FHA REPOSSESSED HOUSES(GROUP I),BAISLEY PARK,12,10903,0042,4233304
114-39 203RD STREET,11412,FHA REPOSSESSED HOUSES(GROUP VIII),BAISLEY PARK,12,11020,0021,4236851
117-17 204TH STREET,11412,FHA REPOSSESSED HOUSES(GROUP X),BAISLEY PARK,12,12634,0029,4272236
118-03 204TH STREET,11412,FHA REPOSSESSED HOUSES(GROUP I),BAISLEY PARK,12,12639,0054,4272369
112-23 208TH STREET,11429,FHA REPOSSESSED HOUSES(GROUP V),BAISLEY PARK,13,10985,0011,4235567
115-27 208TH STREET,11411,FHA REPOSSESSED HOUSES(GROUP III),BAISLEY PARK,13,11051,0023,4238015
104-28 209TH STREET,11429,FHA REPOSSESSED HOUSES(GROUP V),BAISLEY PARK,13,10915,0020,4233579
111-32 209TH STREET,11429,FHA REPOSSESSED HOUSES(GROUP III),BAISLEY PARK,13,10967,0159,4235009
115-22 210TH STREET,11411,FHA REPOSSESSED HOUSES (GROUP V),BAISLEY PARK,13,11052,0060,4238071
104-10 212TH STREET,11429,FHA REPOSSESSED HOUSES(GROUPX),BAISLEY PARK,13,10922,0017,4233749
109-20 212TH STREET,11429,FHA REPOSSESSED HOUSES(GROUPV),BAISLEY PARK,13,11113,0036,4239455
110-05 225TH STREET,11429,FHA REPOSSESSED HOUSES (GROUP X),BAISLEY PARK,13,11208,0049,4241588
4-24 ASTORIA BOULEVARD-TEMPORARY ADDRESS,11102,ASTORIA,,ASTORIA,100490,0101,
1-02 ASTORIA BOULEVARD,11102,ASTORIA,,ASTORIA,100490,0101,4430789
1-04 ASTORIA BOULEVARD,11102,ASTORIA,,ASTORIA,100490,0101,4430789
1-05 ASTORIA BOULEVARD,11102,ASTORIA,,ASTORIA,100490,0101,4430785
1-08 ASTORIA BOULEVARD,11102,ASTORIA,,ASTORIA,100490,0101,4430790
1-10 ASTORIA BOULEVARD,11102,ASTORIA,,ASTORIA,100490,0101,4430790
1-20 ASTORIA BOULEVARD,11102,ASTORIA,,ASTORIA,100490,0101,4430791
1-24 ASTORIA BOULEVARD,11102,ASTORIA,,ASTORIA,100490,0101,4430791
1-25 ASTORIA BOULEVARD,11102,ASTORIA,,ASTORIA,100490,0101,4430786
2-02 ASTORIA BOULEVARD,11102,ASTORIA,,ASTORIA,100490,0101,4430792
2-04 ASTORIA BOULEVARD,11102,ASTORIA,,ASTORIA,100490,0101,4430792
2-06 ASTORIA BOULEVARD,11102,ASTORIA,,ASTORIA,100490,0101,4430793
2-08 ASTORIA BOULEVARD,11102,ASTORIA,,ASTORIA,100490,0101,4430795
2-10 ASTORIA BOULEVARD,11102,ASTORIA,,ASTORIA,100490,0101,4430795
3-02 ASTORIA BOULEVARD,11102,ASTORIA,,ASTORIA,100490,0101,4430796
3-04 ASTORIA BOULEVARD,11102,ASTORIA,,ASTORIA,100490,0101,4430796
3-06 ASTORIA BOULEVARD,11102,ASTORIA,,ASTORIA,100490,0101,4430797
3-08 ASTORIA BOULEVARD,11102,ASTORIA,,ASTORIA,100490,0101,4430797
3-10 ASTORIA BOULEVARD,11102,ASTORIA,,ASTORIA,100490,0101,4430798
3-12 ASTORIA BOULEVARD,11102,ASTORIA,,ASTORIA,100490,0101,4430798
4-03 ASTORIA BOULEVARD,11102,ASTORIA,,ASTORIA,100490,0101,4430787
4-05 ASTORIA BOULEVARD,11102,ASTORIA,,ASTORIA,100490,0101,4430787
4-20 ASTORIA BOULEVARD,11102,ASTORIA,,ASTORIA,100490,0101,4430799
178-14 BAISLEY BOULEVARD,11434,FHA REPOSSESSED HOUSES(GROUP I),BAISLEY PARK,12,12462,0019,4269193
178-14 BAISLEY BOULEVARD,11434,FHA REPOSSESSED HOUSES (GROUP I),BAISLEY PARK,12,12462,0019,4269193
1502 BEACH 12TH STREET,11691,FHA REPOSSESSED HOUSES(GROUP I),BAISLEY PARK,14,15502,0002,4297621
1502 BEACH 12TH STREET,11691,FHA REPOSSESSED HOUSES(GROUP I),BAISLEY PARK,14,15502,0002,4297621
1504 BEACH 12TH STREET,11691,FHA REPOSSESSED HOUSES(GROUP I),BAISLEY PARK,14,15502,0003,4297622
1504 BEACH 12TH STREET,11691,FHA REPOSSESSED HOUSES(GROUP I),BAISLEY PARK,14,15502,0003,4297622
425 BEACH 40TH STREET,11691,BEACH 41ST STREET-BEACH CHANNEL DRIVE,BEACH 41ST STREET-BEACH CHANNEL DRIVE,14,15960,0060,4302142
426 BEACH 40TH STREET,11691,BEACH 41ST STREET-BEACH CHANNEL DRIVE,BEACH 41ST STREET-BEACH CHANNEL DRIVE,14,15955,0003,4302129
433 BEACH 40TH STREET,11691,BEACH 41ST STREET-BEACH CHANNEL DRIVE,BEACH 41ST STREET-BEACH CHANNEL DRIVE,14,15960,0060,4302142
435 BEACH 40TH STREET,11691,BEACH 41ST STREET-BEACH CHANNEL DRIVE,BEACH 41ST STREET-BEACH CHANNEL DRIVE,14,15960,0060,4302142
438 BEACH 40TH STREET,11691,BEACH 41ST STREET-BEACH CHANNEL DRIVE,BEACH 41ST STREET-BEACH CHANNEL DRIVE,14,15955,0003,4302129
440 BEACH 40TH STREET,11691,BEACH 41ST STREET-BEACH CHANNEL DRIVE,BEACH 41ST STREET-BEACH CHANNEL DRIVE,14,15955,0003,4302129
453 BEACH 40TH STREET,11691,BEACH 41ST STREET-BEACH CHANNEL DRIVE,BEACH 41ST STREET-BEACH CHANNEL DRIVE,14,15960,0060,4529514
455 BEACH 40TH STREET,11691,BEACH 41ST STREET-BEACH CHANNEL DRIVE,BEACH 41ST STREET-BEACH CHANNEL DRIVE,14,15960,0060,4529514
456 BEACH 40TH STREET,11691,BEACH 41ST STREET-BEACH CHANNEL DRIVE,BEACH 41ST STREET-BEACH CHANNEL DRIVE,14,15955,0003,4463046
458 BEACH 40TH STREET,11691,BEACH 41ST STREET-BEACH CHANNEL DRIVE,BEACH 41ST STREET-BEACH CHANNEL DRIVE,14,15955,0003,4463046
309 BEACH 54TH STREET,11692,OCEAN BAY APARTMENTS(OCEANSIDE),BEACH 41ST STREET-BEACH CHANNEL DRIVE,14,15892,0001,4436419
319 BEACH 54TH STREET,11692,OCEAN BAY APARTMENTS(OCEANSIDE),BEACH 41ST STREET-BEACH CHANNEL DRIVE,14,15892,0001,4436419
331 BEACH 54TH STREET,11692,OCEAN BAY APARTMENTS(OCEANSIDE),BEACH 41ST STREET-BEACH CHANNEL DRIVE,14,15892,0001,4436420
335 BEACH 54TH STREET,11692,OCEAN BAY APARTMENTS(OCEANSIDE),BEACH 41ST STREET-BEACH CHANNEL DRIVE,14,15892,0001,4436420
72-05 BEACH CHANNEL DRIVE,11692,CARLETON MANOR,HAMMEL,14,16083,0037,4303321
132-1 BENNETT COURT,11434,FHA REPOSSESSED HOUSES(GROUP I),BAISLEY PARK,12,12984,0026,4279658
163-34 CLAUDE AVENUE,11433,FHA REPOSSESSED HOUSES(GROUP V),BAISLEY PARK,12,10201,0012,4217131
40-05 COLLEGE POINT BOULEVARD,11354,BLAND,LATIMER GARDENS,7,05037,0008,4443443
40-15 COLLEGE POINT BOULEVARD,11354,BLAND,LATIMER GARDENS,7,05037,0008,4443443
40-21 COLLEGE POINT BOULEVARD,11354,BLAND,LATIMER GARDENS,7,05037,0008,4443444
40-25 COLLEGE POINT BOULEVARD,11354,BLAND,LATIMER GARDENS,7,05037,0008,4443444
40-29 COLLEGE POINT BOULEVARD,11354,BLAND,LATIMER GARDENS,7,05037,0008,4443444
104-06 FARMERS BOULEVARD,11412,FHA REPOSSESSED HOUSES(GROUP I),BAISLEY PARK,12,10368,0060,4220851
105-36 FARMERS BOULEVARD,11412,FHA REPOSSESSED HOUSES(GROUP VI),BAISLEY PARK,12,10378,0041,4221004
116-17 FARMERS BOULEVARD,11412,FHA REPOSSESSED HOUSES(GROUP V),BAISLEY PARK,12,11058,0015,4238197
116-17 FARMERS BOULEVARD,11412,FHA REPOSSESSED HOUSES(GROUP V),BAISLEY PARK,12,11058,0015,4238197
116-31 FARMERS BOULEVARD,11412,FHA REPOSSESSED HOUSES(GROUP VI),BAISLEY PARK,12,11058,0007,4238194
116-31 FARMERS BOULEVARD,11412,FHA REPOSSESSED HOUSES(GROUP VI),BAISLEY PARK,12,11058,0007,4238194
100-38 FRANCIS LEWIS BOULEVARD,11429,FHA REPOSSESSED HOUSES(GROUP III),BAISLEY PARK,12,10873,0024,4232537
100-38 FRANCIS LEWIS BOULEVARD,11429,FHA REPOSSESSED HOUSES(GROUP III),BAISLEY PARK,12,10873,0024,4232537
223-20 FRANCIS LEWIS BOULEVARD,11411,FHA REPOSSESSED HOUSES(GROUP II),BAISLEY PARK,13,12825,0102,4276466
184-12 GALWAY AVENUE,11412,FHA REPOSSESSED HOUSES (GROUP V),BAISLEY PARK,12,10415,0006,4221577
116-30 GUY BREWER BOULEVARD,11434,BAISLEY PARK,BAISLEY PARK,12,12235,0022,4529903
116-40 GUY BREWER BOULEVARD,11434,BAISLEY PARK,BAISLEY PARK,12,12235,0022,4435280
116-44 GUY BREWER BOULEVARD,11434,BAISLEY PARK,BAISLEY PARK,12,12235,0022,4435280
116-45 GUY BREWER BOULEVARD,11434,BAISLEY PARK,BAISLEY PARK,12,12335,0044,4435292
116-53 GUY BREWER BOULEVARD,11434,BAISLEY PARK,BAISLEY PARK,12,12335,0044,4435292
116-55 GUY BREWER BOULEVARD,11434,BAISLEY PARK,BAISLEY PARK,12,12335,0044,4435292
116-80 GUY BREWER BOULEVARD,11434,BAISLEY PARK,BAISLEY PARK,12,12235,0022,4435282
81-01 HAMMELS BOULEVARD,11693,HAMMEL,HAMMEL,14,16114,0002,4436309
81-03 HAMMELS BOULEVARD,11693,HAMMEL,HAMMEL,14,16114,0002,4436311
81-05 HAMMELS BOULEVARD,11693,HAMMEL,HAMMEL,14,16114,0002,4436312
82-01 HAMMELS BOULEVARD,11693,HAMMEL,HAMMEL,14,16114,0002,4436310
82-03 HAMMELS BOULEVARD,11693,HAMMEL,HAMMEL,14,16114,0002,4436313
15-26 HASSOCK STREET,11691,REDFERN,REDFERN,14,15501,0002,4449685
15-30 HASSOCK STREET,11691,REDFERN,REDFERN,14,15501,0002,4449685
15-40 HASSOCK STREET,11691,REDFERN,REDFERN,14,15501,0002,4449685
15-44 HASSOCK STREET,11691,REDFERN,REDFERN,14,15501,0002,4449685
15-60 HASSOCK STREET,11691,REDFERN,REDFERN,14,15501,0002,4000000
114-54 INWOOD STREET,11436,FHA REPOSSESSED HOUSES(GROUPX),BAISLEY PARK,12,11975,0032,4259310
119-44 INWOOD STREET,11436,FHA REPOSSESSED HOUSES(GROUPIV),BAISLEY PARK,12,12025,0077,4261015
44,11367,POMONOK,POMONOK,8,06792,0001,4451594
154-02 JEWEL AVENUE,11367,POMONOK,POMONOK,8,06792,0001,4451594
154-06 JEWEL AVENUE,11367,POMONOK,POMONOK,8,06792,0030,4455427
155-01 JEWEL AVENUE,11367,POMONOK,POMONOK,8,06792,0030,4455427
155-03 JEWEL AVENUE,11367,POMONOK,POMONOK,8,06792,0030,4455427
155-05 JEWEL AVENUE,11367,POMONOK,POMONOK,8,06792,0030,4455427
155-07 JEWEL AVENUE,11367,POMONOK,POMONOK,8,06792,0030,4455427
155-09 JEWEL AVENUE,11367,POMONOK,POMONOK,8,06792,0030,4455428
155-09 JEWEL AVENUE,11367,POLICE SERVICE AREA #9,NYPD HOUSING BUREAU,8,06792,0030,4455428
155-10 JEWEL AVENUE,11367,POMONOK,POMONOK,8,06792,0001,4451589
155-11 JEWEL AVENUE,11367,POMONOK,POMONOK,8,06792,0030,4455428
155-12 JEWEL AVENUE,11367,POMONOK,POMONOK,8,06792,0001,4451589
155-14 JEWEL AVENUE,11367,POMONOK,POMONOK,8,06792,0001,4451589
155-15 JEWEL AVENUE,11367,POMONOK,POMONOK,8,06792,0030,4455428
155-16 JEWEL AVENUE,11367,POMONOK,POMONOK,8,06792,0001,4451589
155-18 JEWEL AVENUE,11367,POMONOK,POMONOK,8,06792,0001,4451589
155-19 JEWEL AVENUE,11367,POMONOK,POMONOK,8,06792,0030,4455429
155-20 JEWEL AVENUE,11367,POMONOK,POMONOK,8,06792,0001,4451589
155-21 JEWEL AVENUE,11367,POMONOK,POMONOK,8,06792,0030,4455429
155-22 JEWEL AVENUE,11367,POMONOK,POMONOK,8,06792,0001,4451590
155-23 JEWEL AVENUE,11367,POMONOK,POMONOK,8,06792,0030,4455429
155-24 JEWEL AVENUE,11367,POMONOK,POMONOK,8,06792,0001,4451590
155-26 JEWEL AVENUE,11367,POMONOK,POMONOK,8,06792,0001,4451591
136-10 LATIMER PLACE,11354,LATIMER GARDENS,LATIMER GARDENS,7,04951,0008,4443409
136-12 LATIMER PLACE,11354,LATIMER GARDENS,LATIMER GARDENS,7,04951,0008,4443409
65-10 PARSONS BOULEVARD,11365,POMONOK,POMONOK,8,06792,0030,4455414
65-12 PARSONS BOULEVARD,11365,POMONOK,POMONOK,8,06792,0030,4455414
65-14 PARSONS BOULEVARD,11365,POMONOK,POMONOK,8,06792,0030,4455414
81-04 ROCKAWAY BEACH BOULEVARD,11693,HAMMEL,HAMMEL,14,16114,0002,4436314
81-10 ROCKAWAY BEACH BOULEVARD,11693,HAMMEL,HAMMEL,14,16114,0002,4436315
81-14 ROCKAWAY BEACH BOULEVARD,11693,HAMMEL,HAMMEL,14,16114,0002,4436315
82-02 ROCKAWAY BEACH BOULEVARD,11693,HAMMEL,HAMMEL,14,16114,0002,4463573
82-10 ROCKAWAY BEACH BOULEVARD,11693,HAMMEL,HAMMEL,14,16114,0002,4436316
82-14 ROCKAWAY BEACH BOULEVARD,11693,HAMMEL,HAMMEL,14,16114,0002,4436316
83-00 ROCKAWAY BEACH BOULEVARD,11693,HAMMEL,NYC DEPT OF PARKS,14,16114,0002,4591908
84-10 ROCKAWAY BEACH BOULEVARD,11693,HAMMEL,HAMMEL,14,16114,0002,4436317
84-12 ROCKAWAY BEACH BOULEVARD,11693,HAMMEL,HAMMEL,14,16114,0002,4436318
84-14 ROCKAWAY BEACH BOULEVARD,11693,HAMMEL,HAMMEL,14,16114,0002,4436319
84-16 ROCKAWAY BEACH BOULEVARD,11693,HAMMEL,HAMMEL,14,16114,0002,4436320
84-18 ROCKAWAY BEACH BOULEVARD,11693,HAMMEL,HAMMEL,14,16114,0002,4436316
85-02 ROCKAWAY BEACH BOULEVARD,11693,HAMMEL,HAMMEL,14,16114,0002,4436321
85-10 ROCKAWAY BEACH BOULEVARD,11693,HAMMEL,HAMMEL,14,16114,0002,4436321
133-16 ROOSEVELT AVENUE,11354,BLAND,LATIMER GARDENS,7,05037,0008,4443446
133-20 ROOSEVELT AVENUE,11354,BLAND,LATIMER GARDENS,7,05037,0008,4443446
133-36 ROOSEVELT AVENUE,11354,BLAND,LATIMER GARDENS,7,05037,0008,4443447
133-40 ROOSEVELT AVENUE,11354,BLAND,LATIMER GARDENS,7,05037,0008,4443447
133-50 ROOSEVELT AVENUE,11354,BLAND,LATIMER GARDENS,7,05037,0008,4443445
148-13 SUTTER AVENUE,11436,FHA REPOSSESSED HOUSES (GROUP I),BAISLEY PARK,12,12103,0071,4262719
110 BRABANT STREET,10303,MARINER&#x27;S HARBOR,MARINER&#x27;S HARBOR,1,01248,0200,5109124
124 BRABANT STREET,10303,MARINER&#x27;S HARBOR,MARINER&#x27;S HARBOR,1,01248,0200,5109125
139 BRABANT STREET,10303,MARINER&#x27;S HARBOR,MARINER&#x27;S HARBOR,1,01245,0001,5109120
142 BRABANT STREET,10303,MARINER&#x27;S HARBOR,MARINER&#x27;S HARBOR,1,01248,0200,5109126
150 BRABANT STREET,10303,MARINER&#x27;S HARBOR,MARINER&#x27;S HARBOR,1,01248,0200,5109127
153 BRABANT STREET,10303,MARINER&#x27;S HARBOR,MARINER&#x27;S HARBOR,1,01245,0001,5109121
157 BRABANT STREET,10303,MARINER&#x27;S HARBOR,MARINER&#x27;S HARBOR,1,01245,0001,5109121
168 BRABANT STREET,10303,MARINER&#x27;S HARBOR,MARINER&#x27;S HARBOR,1,01248,0200,5109128
173 BRABANT STREET,10303,MARINER&#x27;S HARBOR,MARINER&#x27;S HARBOR,1,01245,0001,5109122
179 BRABANT STREET,10303,MARINER&#x27;S HARBOR,MARINER&#x27;S HARBOR,1,01245,0001,5109123
161 CONTINENTAL PLACE,10303,MARINER&#x27;S HARBOR,MARINER&#x27;S HARBOR,1,01248,0200,5109129
169 CONTINENTAL PLACE,10303,MARINER&#x27;S HARBOR,MARINER&#x27;S HARBOR,1,01248,0200,5109130
177 CONTINENTAL PLACE,10303,MARINER&#x27;S HARBOR,MARINER&#x27;S HARBOR,1,01248,0200,5109130
183 CONTINENTAL PLACE,10303,MARINER&#x27;S HARBOR,MARINER&#x27;S HARBOR,1,01248,0200,5109131
189 CONTINENTAL PLACE,10303,MARINER&#x27;S HARBOR,MARINER&#x27;S HARBOR,1,01248,0200,5109131
195 CONTINENTAL PLACE,10303,MARINER&#x27;S HARBOR,MARINER&#x27;S HARBOR,1,01248,0200,5109132
201 CONTINENTAL PLACE,10303,MARINER&#x27;S HARBOR,MARINER&#x27;S HARBOR,1,01248,0200,5109132
18GA R DONGAN HILLS AVENUE,10306,BERRY,BERRY,2,03532,0500,5146061
20 DONGAN HILLS AVENUE,10306,BERRY,BERRY,2,03532,0500,5109567
26 DONGAN HILLS AVENUE,10306,BERRY,BERRY,2,03532,0500,5109567
30 DONGAN HILLS AVENUE,10306,BERRY,BERRY,2,03532,0500,5109567
34 DONGAN HILLS AVENUE,10306,BERRY,BERRY,2,03532,0500,5109567
40 DONGAN HILLS AVENUE,10306,BERRY,BERRY,2,03532,0500,5109568
44 DONGAN HILLS AVENUE,10306,BERRY,BERRY,2,03532,0500,5109568
50 DONGAN HILLS AVENUE,10306,BERRY,BERRY,2,03532,0500,5109568
311 GRANDVIEW AVENUE,10303,MARINER&#x27;S HARBOR,MARINER&#x27;S HARBOR,1,01245,0001,5110007
331 GRANDVIEW AVENUE,10303,MARINER&#x27;S HARBOR,MARINER&#x27;S HARBOR,1,01245,0001,5109123
361 GRANDVIEW AVENUE,10303,MARINER&#x27;S HARBOR,MARINER&#x27;S HARBOR,1,01248,0200,5109989
90 LAFAYETTE AVENUE,10301,CASSIDY-LAFAYETTE,RICHMOND TERRACE,1,00071,0001,5001761
100 LAFAYETTE AVENUE,10301,CASSIDY-LAFAYETTE,RICHMOND TERRACE,1,00071,0001,5001761
555 MCCLEAN AVENUE,10305,SOUTH BEACH,SOUTH BEACH,2,03243,0100,5109512
56 ROXBURY STREET,10303,MARINER&#x27;S HARBOR,MARINER&#x27;S HARBOR,1,01245,0001,5110014
62 ROXBURY STREET,10303,MARINER&#x27;S HARBOR,MARINER&#x27;S HARBOR,1,01245,0001,5110016
74 ROXBURY STREET,10303,MARINER&#x27;S HARBOR,MARINER&#x27;S HARBOR,1,01245,0001,5110016
80 ROXBURY STREET,10303,MARINER&#x27;S HARBOR,MARINER&#x27;S HARBOR,1,01245,0001,5110007
